Workbook

Sheet Maj26 - wydatki
A1: \
B2: Koszty stałe Damian | H2: Koszty stałe Malwina | N2: Kolumna nr 1 | O2: Wypłaty | P2: Suma | Q2: Koszty stałe | R2: Koszty dyn. | S2: Pozostałe | T2: Podsumowanie
C3: Rodzaj | D3: Budżet | E3: Pozostało | F3: Wydano | I3: Rodzaj | J3: Budżet | K3: Pozostało | L3: Wydano | N3: Damian | O3: 7260 | P3: =Q3+R3+S3 -> 6093 | Q3: =D14 -> 3675 | R3: =D21 -> 775 | S3: =D35 -> 1643 | T3: =O3-P3 -> 1167
B4: 2 | C4: internet | D4: 85 | E4: ='Maj26 - wydatki'!$D4-'Maj26 - wydatki'!$F4 -> 0 | F4: 85 | H4: 1 | I4: rata | J4: 3400 | N4: Malwina | O4: =5834+2300 -> 8134 | P4: =Q4+R4+S4 -> 9301 | Q4: =J17 -> 6065 | R4: =J29 -> 2583 | S4: =J41 -> 653 | T4: =O4-P4 -> -1167
B5: 4 | C5: telefon | D5: 40 | E5: ='Maj26 - wydatki'!$D5-'Maj26 - wydatki'!$F5 -> 40 | H5: 3 | I5: woda | J5: 160 | N5: Suma | O5: =K43=O3+O4 -> TRUE | P5: =Q5+R5+S5 -> 15394 | Q5: =Q3+Q4 -> 9740 | R5: =R3+R4 -> 3358 | S5: =S3+S4 -> 2296
B6: 7 | C6: paliwo | D6: 800 | E6: ='Maj26 - wydatki'!$D6-'Maj26 - wydatki'!$F6 -> 619 | F6: =181 -> 181 | H6: 9 | I6: jedzenie | J6: 800
B7: 8 | C7: jedzenie | D7: 800 | E7: ='Maj26 - wydatki'!$D7-'Maj26 - wydatki'!$F7 -> 481.79 | F7: =124+65.56+83.26+27+8+10.39 -> 318.21 | H7: 11 | I7: smieci | J7: 140 | N7: Oszczędnościowe
B8: 5 | C8: Gaz | D8: 300 | E8: ='Maj26 - wydatki'!$D8-F8 -> 98 | F8: 202 | H8: 12 | I8: izba | J8: 65 | N8: PEKAO | O8: DOM | P8: =4230+261+318-1650+300-223+300-250+250+228+453+350-332-350+358-120+500-200+400-60-2400+400+2400+153-800 -> 4516 | Q8: po II
B9: 14 | C9: rozne | D9: 100 | E9: ='Maj26 - wydatki'!$D9-'Maj26 - wydatki'!$F9 -> 100 | H9: 13 | I9: lekarz | J9: 300 | O9: NEW CAR | P9: 5500 | Q9: po III
B10: 19 | C10: auto | D10: 500 | E10: ='Maj26 - wydatki'!$D10-'Maj26 - wydatki'!$F10 -> 0 | F10: 500 | H10: 17 | I10: chemia | J10: 50 | O10: GAZ | P10: 31 | Q10: po III
B11: 21 | C11: fryzjer | D11: 50 | E11: ='Maj26 - wydatki'!$D11-'Maj26 - wydatki'!$F11 -> 0 | F11: 50 | H11: 18 | I11: mieszkanie | J11: 100 | P11: =P8+P9+P10 -> 10047
B12: 26 | C12: auto new | D12: 500 | E12: ='Maj26 - wydatki'!$D12-'Maj26 - wydatki'!$F12 -> 500 | H12: 20 | I12: swieta | J12: 100 | O12: auto | P12: 60 | Q12: po III
B13: 27 | C13: Kieszkonkowe D | D13: 500 | E13: =D13-F13 -> 0 | F13: 500 | H13: 22 | I13: fryzjer | J13: 50
C14: RAZEM | D14: =SUM(D4:D13) -> 3675 | E14: =SUM(E4:E13) -> 1838.79 | H14: 23 | I14: koszty roczne | J14: 350 | N14: poduszka mbank | P14: 3000 | Q14: po V
H15: 25 | I15: konkursy | J15: 50
B16: Koszty dynamiczne Damian | H16: 28 | I16: Kieszkonkowe M | J16: 500
C17: Rodzaj | D17: Budżet | E17: Pozostało | F17: Wydano | I17: RAZEM | J17: =SUM(J4:J16) -> 6065 | K17: =SUM(K4:K16) -> 0 | L17: =SUM(L4:L16) -> 0 | O17: =5310-206+19+83+36 -> 5242 | Q17: =68-52 -> 16
C18: Poduszka finansowa | D18: 500 | E18: ='Maj26 - wydatki'!$D18-F18 -> 0 | F18: 500
C19: Dom | D19: 275 | E19: ='Maj26 - wydatki'!$D19-F19 -> 275 | H19: Koszty dynamiczne Malwina
C20: Tv | E20: ='Maj26 - wydatki'!$D20-F20 -> 0 | I20: Rodzaj | J20: Budżet | K20: Pozostało | L20: Wydano
C21: RAZEM | D21: =SUM(D18:D20) -> 775 | E21: =SUM(E18:E20) -> 275 | F21: =SUM(F18:F20) -> 500 | H21: 6 | I21: Przedszkole | J21: 1145
H22: 15 | I22: Dzieci | J22: 200
B23: Pozostałe Damian | H23: 16 | I23: Apteka | J23: 100
C24: Rodzaj | D24: Budżet | E24: Pozostało | F24: Wydano | I24: Urodziny dzieci | J24: 100
B25: 10 | C25: Woda | D25: 50 | E25: =D25-F25 -> 50 | I25: Maja lutcza | J25: 50
C26: splata auta | D26: 1500 | E26: =D26-F26 -> 1500 | H26: 21 | I26: Wakacje | J26: 400
C27: Ostrza | E27: =D27-F27 -> 0 | H27: 25 | I27: Zabawowe | J27: 488
B28: 23 | C28: Prąd | D28: 93 | E28: =D28-F28 -> 93 | H28: 31 | I28: Emerytura Rodziców | J28: 100
C29: Siłka | E29: =D29-F29 -> 0 | I29: RAZEM | J29: =SUM(J21:J28) -> 2583 | K29: =SUM(K21:K27) -> 0 | L29: =SUM(L21:L27) -> 0 | N29: jedzenie | O29: 124
C30: ladowarka | E30: =D30-F30 -> 0
C31: sylwek | E31: =D31-F31 -> 0 | H31: Pozostałe Malwina
C32: telefon | E32: =D32-F32 -> 0 | I32: Rodzaj | J32: Budżet | K32: Pozostało | L32: Wydano
B33: 30 | C33: Mateusz | E33: =D33-F33 -> 0 | H33: 22 | I33: Podatek | J33: 94
C34: youtube | E34: =D34-F34 -> 0 | I34: Czynsz Mieszkanie | J34: 350
C35: RAZEM | D35: =SUM(D25:D34) -> 1643 | E35: =SUM(E25:E34) -> 1643 | F35: =SUM(F25:F34) -> 0 | H35: 24 | I35: auto spłata | J35: 0
H36: 29 | I36: Telefon
C37: pozostało II | D37: =E35+E21+E14 -> 3756.79 | E37: =150 -> 150 | F37: Sylwek + tv | I37: uro | J37: 209
C38: pozostało XI | H38: 26 | I38: żel do mycia
C39: Total | E39: =E37+E38+D37 -> 3906.79 | I39: kawa praca
I40: pasta
I41: RAZEM | J41: =SUM(J33:J40) -> 653 | K41: =SUM(K33:K39) -> 0 | L41: =SUM(L33:L39) -> 0
C43: fryzjer | D43: 50 | I43: =D14+D21+D35 -> 6093 | J43: =J41+J29+J17 -> 9301 | K43: =J43+I43 -> 15394

Sheet Kwiecień26 - wydatki
A1: \
B2: Koszty stałe Damian | H2: Koszty stałe Malwina | N2: Kolumna nr 1 | O2: Wypłaty | P2: Suma | Q2: Koszty stałe | R2: Koszty dyn. | S2: Pozostałe | T2: Podsumowanie
C3: Rodzaj | D3: Budżet | E3: Pozostało | F3: Wydano | I3: Rodzaj | J3: Budżet | K3: Pozostało | L3: Wydano | N3: Damian | O3: 7660 | P3: =Q3+R3+S3 -> 5259 | Q3: =D14 -> 4075 | R3: =D21 -> 861 | S3: =D35 -> 323 | T3: =O3-P3 -> 2401
B4: 2 | C4: internet | D4: 85 | E4: ='Kwiecień26 - wydatki'!$D4-'Kwiecień26 - wydatki'!$F4 -> 0 | F4: 85 | H4: 1 | I4: rata | J4: 3400 | N4: Malwina | O4: =5832+2300 -> 8132 | P4: =Q4+R4+S4 -> 10533 | Q4: =J17 -> 6045 | R4: =J29 -> 2545 | S4: =J41 -> 1943 | T4: =O4-P4 -> -2401
B5: 4 | C5: telefon | D5: 40 | E5: ='Kwiecień26 - wydatki'!$D5-'Kwiecień26 - wydatki'!$F5 -> 0 | F5: 40 | H5: 3 | I5: woda | J5: 140 | N5: Suma | O5: =K43=O3+O4 -> TRUE | P5: =Q5+R5+S5 -> 15792 | Q5: =Q3+Q4 -> 10120 | R5: =R3+R4 -> 3406 | S5: =S3+S4 -> 2266
B6: 7 | C6: paliwo | D6: 1200 | E6: ='Kwiecień26 - wydatki'!$D6-'Kwiecień26 - wydatki'!$F6 -> -0.27 | F6: =8+155+280+285+250+10+143.27+69 -> 1200.27 | H6: 9 | I6: jedzenie | J6: 800
B7: 8 | C7: jedzenie | D7: 800 | E7: ='Kwiecień26 - wydatki'!$D7-'Kwiecień26 - wydatki'!$F7 -> -0.39 | F7: =75.71+13.55+190.8+8.29+14.48+38.3+5.4+14.32+25+44.37+57.33+16+10+106.38+35.95+57.97-50+74.39+6.99+28.08+3+43.34+9.79+46.05+0.79+66.11-18-124 -> 800.39 | H7: 11 | I7: smieci | J7: 140 | N7: Oszczędnościowe
B8: 5 | C8: Gaz | D8: 300 | E8: ='Kwiecień26 - wydatki'!$D8-F8 -> 0 | F8: =269+31 -> 300 | H8: 12 | I8: izba | J8: 65 | N8: PEKAO | O8: DOM | P8: =4230+261+318-1650+300-223+300-250+250+228+453+350-332-350+358-120+500-200+400-60-2400+400+2400+153 -> 5316 | Q8: po IV
B9: 14 | C9: rozne | D9: 100 | E9: ='Kwiecień26 - wydatki'!$D9-'Kwiecień26 - wydatki'!$F9 -> 0.01 | F9: =10+18+35+10+8.99+18 -> 99.99 | H9: 13 | I9: lekarz | J9: 300 | O9: NEW CAR | P9: 5500 | Q9: po IV
B10: 19 | C10: auto | D10: 500 | E10: ='Kwiecień26 - wydatki'!$D10-'Kwiecień26 - wydatki'!$F10 -> 0 | F10: =30+140+330 -> 500 | H10: 17 | I10: chemia | J10: 50 | O10: GAZ | P10: 31 | Q10: po IV
B11: 21 | C11: fryzjer | D11: 50 | E11: ='Kwiecień26 - wydatki'!$D11-'Kwiecień26 - wydatki'!$F11 -> 0 | F11: 50 | H11: 18 | I11: mieszkanie | J11: 100 | P11: =P8+P9+P10 -> 10847
B12: 26 | C12: auto new | D12: 500 | E12: ='Kwiecień26 - wydatki'!$D12-'Kwiecień26 - wydatki'!$F12 -> 0 | F12: 500 | H12: 20 | I12: swieta | J12: 100
B13: 27 | C13: Kieszkonkowe D | D13: 500 | E13: =D13-F13 -> 0 | F13: =62+30+94+314 -> 500 | H13: 22 | I13: fryzjer | J13: 50
C14: RAZEM | D14: =SUM(D4:D13) -> 4075 | E14: =SUM(E4:E13) -> -0.65 | H14: 23 | I14: koszty roczne | J14: 350 | N14: poduszka mbank | P14: 2000 | Q14: po III
H15: 25 | I15: konkursy | J15: 50
B16: Koszty dynamiczne Damian | H16: 28 | I16: Kieszkonkowe M | J16: 500
C17: Rodzaj | D17: Budżet | E17: Pozostało | F17: Wydano | I17: RAZEM | J17: =SUM(J4:J16) -> 6045 | K17: =SUM(K4:K16) -> 0 | L17: =SUM(L4:L16) -> 0
C18: Poduszka finansowa | D18: 500 | E18: ='Kwiecień26 - wydatki'!$D18-F18 -> 0 | F18: 500
C19: Dom | D19: 361 | E19: ='Kwiecień26 - wydatki'!$D19-F19 -> 0 | F19: =198+10+153 -> 361 | H19: Koszty dynamiczne Malwina
C20: Tv | E20: ='Kwiecień26 - wydatki'!$D20-F20 -> 0 | I20: Rodzaj | J20: Budżet | K20: Pozostało | L20: Wydano
C21: RAZEM | D21: =SUM(D18:D20) -> 861 | E21: =SUM(E18:E20) -> 0 | F21: =SUM(F18:F20) -> 861 | H21: 6 | I21: Przedszkole | J21: 1195
H22: 15 | I22: Dzieci | J22: 200
B23: Pozostałe Damian | H23: 16 | I23: Apteka | J23: 100
C24: Rodzaj | D24: Budżet | E24: Pozostało | F24: Wydano | I24: Urodziny dzieci | J24: 100
B25: 10 | C25: Woda | D25: 50 | E25: =D25-F25 -> 0 | F25: 50 | I25: Maja lutcza | J25: 50
C26: Mama Bukiet | D26: 180 | E26: =D26-F26 -> 0 | F26: 180 | H26: 21 | I26: Wakacje | J26: 400
C27: Ostrza | E27: =D27-F27 -> 0 | H27: 25 | I27: Zabawowe | J27: 400
B28: 23 | C28: Prąd | D28: 93 | E28: =D28-F28 -> 0 | F28: 93 | H28: 31 | I28: Emerytura Rodziców | J28: 100
C29: Siłka | E29: =D29-F29 -> 0 | I29: RAZEM | J29: =SUM(J21:J28) -> 2545 | K29: =SUM(K21:K27) -> 0 | L29: =SUM(L21:L27) -> 0
C30: ladowarka | E30: =D30-F30 -> 0
C31: sylwek | E31: =D31-F31 -> 0 | H31: Pozostałe Malwina
C32: telefon | E32: =D32-F32 -> 0 | I32: Rodzaj | J32: Budżet | K32: Pozostało | L32: Wydano
B33: 30 | C33: Mateusz | E33: =D33-F33 -> 0 | H33: 22 | I33: Podatek
C34: youtube | E34: =D34-F34 -> 0 | I34: Czynsz Mieszkanie | J34: 350
C35: RAZEM | D35: =SUM(D25:D34) -> 323 | E35: =SUM(E25:E34) -> 0 | F35: =SUM(F25:F34) -> 323 | H35: 24 | I35: auto spłata | J35: 1500
H36: 29 | I36: Telefon
C37: pozostało II | D37: =E35+E21+E14 -> -0.65 | E37: =150 -> 150 | F37: Sylwek + tv | I37: uro | J37: 93
C38: pozostało XI | H38: 26 | I38: żel do mycia
C39: Total | E39: =E37+E38+D37 -> 149.35 | I39: kawa praca
I40: pasta
I41: RAZEM | J41: =SUM(J33:J40) -> 1943 | K41: =SUM(K33:K39) -> 0 | L41: =SUM(L33:L39) -> 0
C43: fryzjer | D43: 100 | I43: =D14+D21+D35 -> 5259 | J43: =J41+J29+J17 -> 10533 | K43: =J43+I43 -> 15792

Sheet Marzec26 - wydatki
A1: \
B2: Koszty stałe Damian | H2: Koszty stałe Malwina | N2: Kolumna nr 1 | O2: Wypłaty | P2: Suma | Q2: Koszty stałe | R2: Koszty dyn. | S2: Pozostałe | T2: Podsumowanie
C3: Rodzaj | D3: Budżet | E3: Pozostało | F3: Wydano | I3: Rodzaj | J3: Budżet | K3: Pozostało | L3: Wydano | N3: Damian | O3: 7260 | P3: =Q3+R3+S3 -> 6025 | Q3: =D14 -> 4685 | R3: =D21 -> 900 | S3: =D35 -> 440 | T3: =O3-P3 -> 1235
B4: 2 | C4: internet | D4: 85 | E4: ='Marzec26 - wydatki'!$D4-'Marzec26 - wydatki'!$F4 -> 0 | F4: 85 | H4: 1 | I4: rata | J4: 3400 | N4: Malwina | O4: =5786+2300 -> 8086 | P4: =Q4+R4+S4 -> 9321 | Q4: =J17 -> 6188 | R4: =J29 -> 2590 | S4: =J41 -> 543 | T4: =O4-P4 -> -1235
B5: 4 | C5: telefon | D5: 40 | E5: ='Marzec26 - wydatki'!$D5-'Marzec26 - wydatki'!$F5 -> 0 | F5: 40 | H5: 3 | I5: woda | J5: 283 | N5: Suma | O5: =K43=O3+O4 -> TRUE | P5: =Q5+R5+S5 -> 15346 | Q5: =Q3+Q4 -> 10873 | R5: =R3+R4 -> 3490 | S5: =S3+S4 -> 983
B6: 7 | C6: paliwo | D6: 800 | E6: ='Marzec26 - wydatki'!$D6-'Marzec26 - wydatki'!$F6 -> 0 | F6: =111+223+326+140 -> 800 | H6: 9 | I6: jedzenie | J6: 800
B7: 8 | C7: jedzenie | D7: 800 | E7: ='Marzec26 - wydatki'!$D7-'Marzec26 - wydatki'!$F7 -> 0.39 | F7: =18.52+57.24+72.31+14.78+9+9.47+29.2+10.38+16.16+20-10+78.33+42.55+8.47+20.97+32.57+26.68+35.59+18.41+50.19+211.01+4.23+13.55+10 -> 799.61 | H7: 11 | I7: smieci | J7: 140 | N7: Oszczędnościowe
B8: 5 | C8: Gaz | D8: 310 | E8: ='Marzec26 - wydatki'!$D8-F8 -> 0 | F8: 310 | H8: 12 | I8: izba | J8: 65 | N8: PEKAO | O8: DOM | P8: =4230+261+318-1650+300-223+300-250+250+228+453+350-332-350+358-120+500-200+400-60-2400+400 -> 2763 | Q8: po II
B9: 14 | C9: rozne | D9: 100 | E9: ='Marzec26 - wydatki'!$D9-'Marzec26 - wydatki'!$F9 -> 0 | F9: =5+15+30+67.5-17.5 -> 100 | H9: 13 | I9: lekarz | J9: 300 | O9: NEW CAR | P9: =6660+1230+100+10+1000+1000+1000+1000+1500+1500+1500-15000+1500 -> 3000 | Q9: po III
B10: 19 | C10: auto | D10: 500 | E10: ='Marzec26 - wydatki'!$D10-'Marzec26 - wydatki'!$F10 -> 0 | F10: 500 | H10: 17 | I10: chemia | J10: 50 | O10: GAZ | P10: =127+100+152+173+163+150+65-178-300-230-222 -> 0 | Q10: po III
B11: 21 | C11: fryzjer | D11: 50 | E11: ='Marzec26 - wydatki'!$D11-'Marzec26 - wydatki'!$F11 -> 0 | F11: 50 | H11: 18 | I11: mieszkanie | J11: 100 | P11: =P8+P9+P10 -> 5763
B12: 26 | C12: auto new | D12: 1500 | E12: ='Marzec26 - wydatki'!$D12-'Marzec26 - wydatki'!$F12 -> 0 | F12: 1500 | H12: 20 | I12: swieta | J12: 100 | O12: auto | P12: 500 | Q12: po XII
B13: 27 | C13: Kieszkonkowe D | D13: 500 | E13: =D13-F13 -> 0 | F13: =230+18+250+2 -> 500 | H13: 22 | I13: fryzjer | J13: 50
C14: RAZEM | D14: =SUM(D4:D13) -> 4685 | E14: =SUM(E4:E13) -> 0.39 | H14: 23 | I14: koszty roczne | J14: 350 | N14: poduszka mbank | P14: 2000 | Q14: po III
H15: 25 | I15: konkursy | J15: 50
B16: Koszty dynamiczne Damian | H16: 28 | I16: Kieszkonkowe M | J16: 500
C17: Rodzaj | D17: Budżet | E17: Pozostało | F17: Wydano | I17: RAZEM | J17: =SUM(J4:J16) -> 6188 | K17: =SUM(K4:K16) -> 0 | L17: =SUM(L4:L16) -> 0 | O17: =5310-206+19+83+36 -> 5242 | Q17: =68-52 -> 16
C18: Poduszka finansowa | D18: 500 | E18: ='Marzec26 - wydatki'!$D18-F18 -> 0 | F18: 500
C19: Dom | D19: 400 | E19: ='Marzec26 - wydatki'!$D19-F19 -> 0 | F19: 400 | H19: Koszty dynamiczne Malwina
C20: Tv | E20: ='Marzec26 - wydatki'!$D20-F20 -> 0 | I20: Rodzaj | J20: Budżet | K20: Pozostało | L20: Wydano
C21: RAZEM | D21: =SUM(D18:D20) -> 900 | E21: =SUM(E18:E20) -> 0 | F21: =SUM(F18:F20) -> 900 | H21: 6 | I21: Przedszkole | J21: 1178
H22: 15 | I22: Dzieci | J22: 200
B23: Pozostałe Damian | H23: 16 | I23: Apteka | J23: 100
C24: Rodzaj | D24: Budżet | E24: Pozostało | F24: Wydano | I24: Urodziny dzieci | J24: 100
B25: 10 | C25: Woda | D25: 50 | E25: =D25-F25 -> 0 | F25: =10+10+10+20 -> 50 | I25: Maja lutcza | J25: 50
C26: Mama Bukiet | E26: =D26-F26 -> 0 | H26: 21 | I26: Wakacje | J26: 400
C27: Ostrza | E27: =D27-F27 -> 0 | H27: 25 | I27: Zabawowe | J27: 462
B28: 23 | C28: Prąd | D28: 90 | E28: =D28-F28 -> 0 | F28: 90 | H28: 31 | I28: Emerytura Rodziców | J28: 100
C29: Siłka | D29: 300 | E29: =D29-F29 -> 0 | F29: 300 | I29: RAZEM | J29: =SUM(J21:J28) -> 2590 | K29: =SUM(K21:K27) -> 0 | L29: =SUM(L21:L27) -> 0
C30: ladowarka | E30: =D30-F30 -> 0
C31: sylwek | E31: =D31-F31 -> 0 | H31: Pozostałe Malwina
C32: telefon | E32: =D32-F32 -> 0 | I32: Rodzaj | J32: Budżet | K32: Pozostało | L32: Wydano
B33: 30 | C33: Mateusz | E33: =D33-F33 -> 0 | H33: 22 | I33: Podatek | J33: 94
C34: youtube | E34: =D34-F34 -> 0 | I34: Czynsz Mieszkanie | J34: 350
C35: RAZEM | D35: =SUM(D25:D34) -> 440 | E35: =SUM(E25:E34) -> 0 | F35: =SUM(F25:F34) -> 440 | H35: 24 | I35: Orawa Deca
H36: 29 | I36: Telefon
C37: pozostało II | D37: =E35+E21+E14 -> 0.39 | E37: =150 -> 150 | F37: Sylwek + tv | I37: uro | J37: 99
C38: pozostało XI | H38: 26 | I38: żel do mycia
C39: Total | E39: =E37+E38+D37 -> 150.39 | I39: kawa praca
I40: pasta
I41: RAZEM | J41: =SUM(J33:J40) -> 543 | K41: =SUM(K33:K39) -> 0 | L41: =SUM(L33:L39) -> 0
I43: =D14+D21+D35 -> 6025 | J43: =J41+J29+J17 -> 9321 | K43: =J43+I43 -> 15346
D45: mama wojtek | F45: =210-30 -> 180
D46: alko | F46: 62

Sheet Luty26 - wydatki
A1: \
B2: Koszty stałe Damian | H2: Koszty stałe Malwina | N2: Kolumna nr 1 | O2: Wypłaty | P2: Suma | Q2: Koszty stałe | R2: Koszty dyn. | S2: Pozostałe | T2: Podsumowanie
C3: Rodzaj | D3: Budżet | E3: Pozostało | F3: Wydano | I3: Rodzaj | J3: Budżet | K3: Pozostało | L3: Wydano | N3: Damian | O3: 7025 | P3: =Q3+R3+S3 -> 6295 | Q3: =D14 -> 4975 | R3: =D21 -> 500 | S3: =D35 -> 820 | T3: =O3-P3 -> 730
B4: 2 | C4: internet | D4: 85 | E4: ='Luty26 - wydatki'!$D4-'Luty26 - wydatki'!$F4 -> 0 | F4: 85 | H4: 1 | I4: rata | J4: 3400 | N4: Malwina | O4: =7966+250 -> 8216 | P4: =Q4+R4+S4 -> 8946 | Q4: =J17 -> 6097 | R4: =J29 -> 1946 | S4: =J41 -> 903 | T4: =O4-P4 -> -730
B5: 4 | C5: telefon | D5: 40 | E5: ='Luty26 - wydatki'!$D5-'Luty26 - wydatki'!$F5 -> 0 | F5: 40 | H5: 3 | I5: woda | J5: 140 | N5: Suma | O5: =K43=O3+O4 -> TRUE | P5: =Q5+R5+S5 -> 15241 | Q5: =Q3+Q4 -> 11072 | R5: =R3+R4 -> 2446 | S5: =S3+S4 -> 1723
B6: 7 | C6: paliwo | D6: 800 | E6: ='Luty26 - wydatki'!$D6-'Luty26 - wydatki'!$F6 -> 0 | F6: =208+92+60+104+314+20+2 -> 800 | H6: 9 | I6: jedzenie | J6: 800
B7: 8 | C7: jedzenie | D7: 800 | E7: ='Luty26 - wydatki'!$D7-'Luty26 - wydatki'!$F7 -> 0 | F7: =196+8+4+16.93+22.77+13.48+77.39+7.65+1.1+9.75+68.35+3.4+33.92-20+54.74+34.58+26.87+209.8+36.01+31.61+37.56-74+0.09 -> 800 | H7: 11 | I7: smieci | J7: =140+52 -> 192 | N7: Oszczędnościowe
B8: 5 | C8: Gaz | D8: =350+250 -> 600 | E8: ='Luty26 - wydatki'!$D8-F8 -> 0 | F8: 600 | H8: 12 | I8: izba | J8: 65 | N8: PEKAO | O8: DOM | P8: =4230+261+318-1650+300-223+300-250+250+228+453+350-332-350+358-120+500-200+400-60-2400 -> 2363 | Q8: po II
B9: 14 | C9: rozne | D9: 100 | E9: ='Luty26 - wydatki'!$D9-'Luty26 - wydatki'!$F9 -> 0 | F9: =12+10+10+10+5+16+9+28 -> 100 | H9: 13 | I9: lekarz | J9: 300 | O9: NEW CAR | P9: =6660+1230+100+10+1000+1000+1000+1000+1500+1500+1500-15000 -> 1500 | Q9: po II
B10: 19 | C10: auto | D10: 500 | E10: ='Luty26 - wydatki'!$D10-'Luty26 - wydatki'!$F10 -> 0 | F10: 500 | H10: 17 | I10: chemia | J10: 50 | O10: GAZ | P10: =127+100+152+173+163+150+65-178-300-230 -> 222 | Q10: po I
B11: 21 | C11: fryzjer | D11: 50 | E11: ='Luty26 - wydatki'!$D11-'Luty26 - wydatki'!$F11 -> 0 | F11: 50 | H11: 18 | I11: mieszkanie | J11: 100 | P11: =P8+P9+P10 -> 4085
B12: 26 | C12: auto new | D12: 1500 | E12: ='Luty26 - wydatki'!$D12-'Luty26 - wydatki'!$F12 -> 0 | F12: 1500 | H12: 20 | I12: swieta | J12: 100 | O12: auto | P12: 500 | Q12: po XII
B13: 27 | C13: Kieszkonkowe D | D13: 500 | E13: =D13-F13 -> 0 | F13: =125+80+189+50+22+104+90-160 -> 500 | H13: 22 | I13: fryzjer | J13: 50
C14: RAZEM | D14: =SUM(D4:D13) -> 4975 | E14: =SUM(E4:E13) -> 0 | H14: 23 | I14: koszty roczne | J14: 350
H15: 25 | I15: konkursy | J15: 50
B16: Koszty dynamiczne Damian | H16: 28 | I16: Kieszkonkowe M | J16: 500
C17: Rodzaj | D17: Budżet | E17: Pozostało | F17: Wydano | I17: RAZEM | J17: =SUM(J4:J16) -> 6097 | K17: =SUM(K4:K16) -> 0 | L17: =SUM(L4:L16) -> 0 | O17: =5310-206+19+83+36 -> 5242 | Q17: =68-52 -> 16
C18: Poduszka finansowa | D18: 500 | E18: ='Luty26 - wydatki'!$D18-F18 -> 0 | F18: 500
C19: Dom | E19: ='Luty26 - wydatki'!$D19-F19 -> 0 | H19: Koszty dynamiczne Malwina
C20: Tv | E20: ='Luty26 - wydatki'!$D20-F20 -> 0 | I20: Rodzaj | J20: Budżet | K20: Pozostało | L20: Wydano
C21: RAZEM | D21: =SUM(D18:D20) -> 500 | E21: =SUM(E18:E20) -> 0 | F21: =SUM(F18:F20) -> 500 | H21: 6 | I21: Przedszkole | J21: 1096
H22: 15 | I22: Dzieci | J22: 200
B23: Pozostałe Damian | H23: 16 | I23: Apteka | J23: 100
C24: Rodzaj | D24: Budżet | E24: Pozostało | F24: Wydano | I24: Urodziny dzieci | J24: 100
B25: 10 | C25: Woda | D25: 50 | E25: =D25-F25 -> 0 | F25: =20+30 -> 50 | I25: Maja lutcza | J25: 50
C26: Mama Bukiet | E26: =D26-F26 -> 0 | H26: 21 | I26: Wakacje
C27: Ostrza | E27: =D27-F27 -> 0 | H27: 25 | I27: Zabawowe | J27: 300
B28: 23 | C28: Prąd | E28: =D28-F28 -> 0 | H28: 31 | I28: Emerytura Rodziców | J28: 100
C29: Siłka | D29: 300 | E29: =D29-F29 -> 0 | F29: 300 | I29: RAZEM | J29: =SUM(J21:J28) -> 1946 | K29: =SUM(K21:K27) -> 0 | L29: =SUM(L21:L27) -> 0
C30: ladowarka | E30: =D30-F30 -> 0
C31: sylwek | E31: =D31-F31 -> 0 | H31: Pozostałe Malwina
C32: telefon | D32: 400 | E32: =D32-F32 -> 400 | I32: Rodzaj | J32: Budżet | K32: Pozostało | L32: Wydano
B33: 30 | C33: Mateusz | D33: 70 | E33: =D33-F33 -> 0 | F33: 70 | H33: 22 | I33: Podatek | J33: 55
C34: youtube | E34: =D34-F34 -> 0 | I34: Czynsz Mieszkanie | J34: 350
C35: RAZEM | D35: =SUM(D25:D34) -> 820 | E35: =SUM(E25:E34) -> 400 | F35: =SUM(F25:F34) -> 420 | H35: 24 | I35: Orawa Deca | J35: 317
H36: 29 | I36: Telefon
C37: pozostało I | D37: =E35+E21+E14 -> 400 | E37: 150 | I37: allegro smart | J37: 59
C38: pozostało XI | H38: 26 | I38: żel do mycia | J38: 55
C39: Total | E39: =E37+E38+D37 -> 550 | I39: kawa praca | J39: 24
I40: pasta | J40: 43
I41: RAZEM | J41: =SUM(J33:J40) -> 903 | K41: =SUM(K33:K39) -> 0 | L41: =SUM(L33:L39) -> 0
I43: =D14+D21+D35 -> 6295 | J43: =J41+J29+J17 -> 8946 | K43: =J43+I43 -> 15241

Sheet Styczeń26 - wydatki
A1: \
B2: Koszty stałe Damian | H2: Koszty stałe Malwina | N2: Kolumna nr 1 | O2: Wypłaty | P2: Suma | Q2: Koszty stałe | R2: Koszty dyn. | S2: Pozostałe | T2: Podsumowanie
C3: Rodzaj | D3: Budżet | E3: Pozostało | F3: Wydano | I3: Rodzaj | J3: Budżet | K3: Pozostało | L3: Wydano | N3: Damian | O3: 7260 | P3: =Q3+R3+S3 -> 6204 | Q3: =D14 -> 4655 | R3: =D21 -> 900 | S3: =D35 -> 649 | T3: =O3-P3 -> 1056
B4: 2 | C4: internet | D4: 85 | E4: ='Styczeń26 - wydatki'!$D4-'Styczeń26 - wydatki'!$F4 -> 0 | F4: 85 | H4: 1 | I4: rata | J4: 3400 | N4: Malwina | O4: 7966 | P4: =Q4+R4+S4 -> 9022 | Q4: =J17 -> 6045 | R4: =J29 -> 2427 | S4: =J41 -> 550 | T4: =O4-P4 -> -1056
B5: 4 | C5: telefon | D5: 40 | E5: ='Styczeń26 - wydatki'!$D5-'Styczeń26 - wydatki'!$F5 -> 0 | F5: 40 | H5: 3 | I5: woda | J5: 140 | N5: Suma | O5: =K43=O3+O4 -> TRUE | P5: =Q5+R5+S5 -> 15226 | Q5: =Q3+Q4 -> 10700 | R5: =R3+R4 -> 3327 | S5: =S3+S4 -> 1199
B6: 7 | C6: paliwo | D6: 800 | E6: ='Styczeń26 - wydatki'!$D6-'Styczeń26 - wydatki'!$F6 -> 0 | F6: =200+200+337+63 -> 800 | H6: 9 | I6: jedzenie | J6: 800
B7: 8 | C7: jedzenie | D7: 800 | E7: ='Styczeń26 - wydatki'!$D7-'Styczeń26 - wydatki'!$F7 -> 0 | F7: =128+34.69+6.84+1.52+35.05+62.27+63.64+106.23+11.58+107.67+191.07+54.14+19.94+84.94+30.85-138.43 -> 800 | H7: 11 | I7: smieci | J7: 140 | N7: Oszczędnościowe
B8: 5 | C8: Gaz | D8: 300 | E8: ='Styczeń26 - wydatki'!$D8-F8 -> 0 | F8: 300 | H8: 12 | I8: izba | J8: 65 | N8: PEKAO | O8: DOM | P8: =4230+261+318-1650+300-223+300-250+250+228+453+350-332-350+358-120+500+400 -> 5023 | Q8: po I
B9: 14 | C9: rozne | D9: 80 | E9: ='Styczeń26 - wydatki'!$D9-'Styczeń26 - wydatki'!$F9 -> 0 | F9: =20+50+10 -> 80 | H9: 13 | I9: lekarz | J9: 300 | O9: NEW CAR | P9: =6660+1230+100+10+1000+1000+1000+1000+1500+1500 -> 15000 | Q9: po I
B10: 19 | C10: auto | D10: 500 | E10: ='Styczeń26 - wydatki'!$D10-'Styczeń26 - wydatki'!$F10 -> 0 | F10: 500 | H10: 17 | I10: chemia | J10: 50 | O10: GAZ | P10: =127+100+152+173+163+150+65-178-300 -> 452 | Q10: po I
B11: 21 | C11: fryzjer | D11: 50 | E11: ='Styczeń26 - wydatki'!$D11-'Styczeń26 - wydatki'!$F11 -> 0 | F11: 50 | H11: 18 | I11: mieszkanie | J11: 100 | P11: =P8+P9+P10 -> 20475
B12: 26 | C12: auto new | D12: 1500 | E12: ='Styczeń26 - wydatki'!$D12-'Styczeń26 - wydatki'!$F12 -> 0 | F12: 1500 | H12: 20 | I12: swieta | J12: 100 | O12: auto | P12: 500 | Q12: po XII
B13: 27 | C13: Kieszkonkowe D | D13: 500 | E13: =D13-F13 -> 0 | F13: 500 | H13: 22 | I13: fryzjer | J13: 50
C14: RAZEM | D14: =SUM(D4:D13) -> 4655 | E14: =SUM(E4:E13) -> 0 | H14: 23 | I14: koszty roczne | J14: 350
H15: 25 | I15: konkursy | J15: 50
B16: Koszty dynamiczne Damian | H16: 28 | I16: Kieszkonkowe M | J16: 500
C17: Rodzaj | D17: Budżet | E17: Pozostało | F17: Wydano | I17: RAZEM | J17: =SUM(J4:J16) -> 6045 | K17: =SUM(K4:K16) -> 0 | L17: =SUM(L4:L16) -> 0 | O17: =5310-206+19+83+36 -> 5242 | Q17: =68-52 -> 16
C18: Poduszka finansowa | D18: 500 | E18: ='Styczeń26 - wydatki'!$D18-F18 -> 0 | F18: 500
C19: Dom | D19: 400 | E19: ='Styczeń26 - wydatki'!$D19-F19 -> 0 | F19: 400 | H19: Koszty dynamiczne Malwina
C20: Tv | E20: ='Styczeń26 - wydatki'!$D20-F20 -> 0 | I20: Rodzaj | J20: Budżet | K20: Pozostało | L20: Wydano
C21: RAZEM | D21: =SUM(D18:D20) -> 900 | E21: =SUM(E18:E20) -> 0 | F21: =SUM(F18:F20) -> 900 | H21: 6 | I21: Przedszkole | J21: 1077
H22: 15 | I22: Dzieci | J22: 200
B23: Pozostałe Damian | H23: 16 | I23: Apteka | J23: 100
C24: Rodzaj | D24: Budżet | E24: Pozostało | F24: Wydano | I24: Urodziny dzieci | J24: 100
B25: 10 | C25: Woda | D25: 50 | E25: 0 | F25: 50 | I25: Maja lutcza | J25: 50
C26: Mama Bukiet | E26: =D26-F26 -> 0 | H26: 21 | I26: Wakacje | J26: 400
C27: Ostrza | E27: =D27-F27 -> 0 | H27: 25 | I27: Zabawowe | J27: 400
B28: 23 | C28: Prąd | E28: =D28-F28 -> 0 | H28: 31 | I28: Emerytura Rodziców | J28: 100
C29: Siłka | D29: 300 | E29: =D29-F29 -> 0 | F29: 300 | I29: RAZEM | J29: =SUM(J21:J28) -> 2427 | K29: =SUM(K21:K27) -> 0 | L29: =SUM(L21:L27) -> 0
C30: ladowarka | E30: =D30-F30 -> 0
C31: sylwek | E31: =D31-F31 -> 0 | H31: Pozostałe Malwina
C32: cookido | D32: 199 | E32: =D32-F32 -> 0 | F32: 199 | I32: Rodzaj | J32: Budżet | K32: Pozostało | L32: Wydano
B33: 30 | C33: URO BARTI | E33: =D33-F33 -> 0 | H33: 22 | I33: Podatek
C34: youtube | D34: 100 | E34: =D34-F34 -> 0 | F34: 100 | I34: Czynsz Mieszkanie | J34: 350
C35: RAZEM | D35: =SUM(D25:D34) -> 649 | E35: =SUM(E25:E34) -> 0 | F35: =SUM(F25:F34) -> 649 | H35: 24 | I35: Orawski
H36: 29 | I36: Telefon
C37: pozostało I | D37: =E35+E21+E14 -> 0 | E37: 150 | I37: premia
C38: pozostało XI | H38: 26 | I38: Uro Nela
C39: Total | E39: =E37+E38+D37 -> 150 | I39: dzin dziadkow | J39: 200
I41: RAZEM | J41: =SUM(J33:J40) -> 550 | K41: =SUM(K33:K39) -> 0 | L41: =SUM(L33:L39) -> 0
I43: =D14+D21+D35 -> 6204 | J43: =J41+J29+J17 -> 9022 | K43: =J43+I43 -> 15226

Sheet Grudzień25- wydatki
A1: \
B2: Koszty stałe Damian | H2: Koszty stałe Malwina | N2: Kolumna nr 1 | O2: Wypłaty | P2: Suma | Q2: Koszty stałe | R2: Koszty dyn. | S2: Pozostałe | T2: Podsumowanie
C3: Rodzaj | D3: Budżet | E3: Pozostało | F3: Wydano | I3: Rodzaj | J3: Budżet | K3: Pozostało | L3: Wydano | N3: Damian | O3: =7260+111 -> 7371 | P3: =Q3+R3+S3 -> 6375 | Q3: =D14 -> 4716 | R3: =D21 -> 1050 | S3: =D35 -> 609 | T3: =O3-P3 -> 996
B4: 2 | C4: internet | D4: 85 | E4: ='Grudzień25- wydatki'!$D4-'Grudzień25- wydatki'!$F4 -> 0 | F4: 85 | H4: 1 | I4: rata | J4: 3400 | N4: Malwina | O4: 9941 | P4: =Q4+R4+S4 -> 10937 | Q4: =J17 -> 6045 | R4: =J29 -> 2741 | S4: =J41 -> 2151 | T4: =O4-P4 -> -996
B5: 4 | C5: telefon | D5: 40 | E5: ='Grudzień25- wydatki'!$D5-'Grudzień25- wydatki'!$F5 -> 0 | F5: =40 -> 40 | H5: 3 | I5: woda | J5: 140 | N5: Suma | O5: =K43=O3+O4 -> TRUE | P5: =Q5+R5+S5 -> 17312 | Q5: =Q3+Q4 -> 10761 | R5: =R3+R4 -> 3791 | S5: =S3+S4 -> 2760
B6: 7 | C6: paliwo | D6: 800 | E6: ='Grudzień25- wydatki'!$D6-'Grudzień25- wydatki'!$F6 -> 0 | F6: =140+200+100+88.61+260+9+2.39 -> 800 | H6: 9 | I6: jedzenie | J6: 800
B7: 8 | C7: jedzenie | D7: 800 | E7: ='Grudzień25- wydatki'!$D7-'Grudzień25- wydatki'!$F7 -> 0.42 | F7: =13.9+13.28+42.5+22.91+177+70.99+18.21+43.2+86.18+48.47+122.44+11.98+76.17+16.35+36 -> 799.58 | G7: do 07,01 | H7: 11 | I7: smieci | J7: 140 | N7: Oszczędnościowe
B8: 5 | C8: Gaz | D8: 300 | E8: ='Grudzień25- wydatki'!$D8-F8 -> 0 | F8: 300 | H8: 12 | I8: izba | J8: 65 | N8: PEKAO | O8: DOM | P8: =4230+261+318-1650+300-223+300-250+250+228+453+350-332-350+358-120+500+400 -> 5023 | Q8: po I
B9: 14 | C9: rozne | D9: 111 | E9: ='Grudzień25- wydatki'!$D9-'Grudzień25- wydatki'!$F9 -> 0 | F9: =10+30+10+10+6+16+29 -> 111 | G9: skarpetki jak zostanie dopisane | H9: 13 | I9: lekarz | J9: 300 | O9: NEW CAR | P9: =6660+1230+100+10+1000+1000+1000+1000+1500+1500 -> 15000 | Q9: po I
B10: 19 | C10: auto | D10: 500 | E10: ='Grudzień25- wydatki'!$D10-'Grudzień25- wydatki'!$F10 -> 0 | F10: 500 | H10: 17 | I10: chemia | J10: 50 | O10: GAZ | P10: =127+100+152+173+163+150+65-178 -> 752 | Q10: po XII
B11: 21 | C11: fryzjer | D11: 50 | E11: ='Grudzień25- wydatki'!$D11-'Grudzień25- wydatki'!$F11 -> 0 | F11: 50 | H11: 18 | I11: mieszkanie | J11: 100 | P11: =P8+P9+P10 -> 20775
B12: 26 | C12: auto new | D12: 1500 | E12: ='Grudzień25- wydatki'!$D12-'Grudzień25- wydatki'!$F12 -> 0 | F12: 1500 | H12: 20 | I12: swieta | J12: 100 | O12: auto | P12: 1713 | Q12: po XII
B13: 27 | C13: Kieszkonkowe D | D13: 530 | E13: =D13-F13 -> 0 | F13: =23+400+13+94 -> 530 | H13: 22 | I13: fryzjer | J13: 50
C14: RAZEM | D14: =SUM(D4:D13) -> 4716 | E14: =SUM(E4:E13) -> 0.42 | H14: 23 | I14: koszty roczne | J14: 350
H15: 25 | I15: konkursy | J15: 50
B16: Koszty dynamiczne Damian | H16: 28 | I16: Kieszkonkowe M | J16: 500
C17: Rodzaj | D17: Budżet | E17: Pozostało | F17: Wydano | I17: RAZEM | J17: =SUM(J4:J16) -> 6045 | K17: =SUM(K4:K16) -> 0 | L17: =SUM(L4:L16) -> 0 | O17: =5310-206+19+83+36 -> 5242 | Q17: =68-52 -> 16
C18: Poduszka finansowa | D18: 500 | E18: ='Grudzień25- wydatki'!$D18-F18 -> 0 | F18: 500
C19: Dom | D19: 500 | E19: ='Grudzień25- wydatki'!$D19-F19 -> 0 | F19: 500 | H19: Koszty dynamiczne Malwina | N19: jedzenie | O19: =5+216.66+47.96 -> 269.62
C20: Tv | D20: 50 | E20: ='Grudzień25- wydatki'!$D20-F20 -> 50 | I20: Rodzaj | J20: Budżet | K20: Pozostało | L20: Wydano | N20: wyjazd | O20: =62.44+47 -> 109.44
C21: RAZEM | D21: =SUM(D18:D20) -> 1050 | E21: =SUM(E18:E20) -> 50 | F21: =SUM(F18:F20) -> 1000 | H21: 6 | I21: Przedszkole | J21: 1138
H22: 15 | I22: Dzieci | J22: 200
B23: Pozostałe Damian | H23: 16 | I23: Apteka | J23: 100
C24: Rodzaj | D24: Budżet | E24: Pozostało | F24: Wydano | I24: Urodziny dzieci | J24: 100
B25: 10 | C25: Woda | D25: 50 | E25: =D25-F25 -> 0 | F25: 50 | I25: Maja lutcza | J25: 50
C26: Mama Bukiet | D26: 109 | E26: =D26-F26 -> 0 | F26: 109 | H26: 21 | I26: Wakacje | J26: 553
C27: Ostrza | D27: 50 | E27: =D27-F27 -> 0 | F27: 50 | H27: 25 | I27: Zabawowe | J27: 500
B28: 23 | C28: Prąd | E28: =D28-F28 -> 0 | H28: 31 | I28: Emerytura Rodziców | J28: 100
C29: Siłka | D29: 300 | E29: =D29-F29 -> 0 | F29: 300 | I29: RAZEM | J29: =SUM(J21:J28) -> 2741 | K29: =SUM(K21:K27) -> 0 | L29: =SUM(L21:L27) -> 0
C30: ladowarka | E30: =D30-F30 -> 0
C31: sylwek | D31: 100 | E31: =D31-F31 -> 100 | H31: Pozostałe Malwina
E32: =D32-F32 -> 0 | I32: Rodzaj | J32: Budżet | K32: Pozostało | L32: Wydano
B33: 30 | C33: URO BARTI | E33: =D33-F33 -> 0 | H33: 22 | I33: Podatek
C34: Znicze | E34: =D34-F34 -> 0 | I34: Czynsz Mieszkanie | J34: 350
C35: RAZEM | D35: =SUM(D25:D34) -> 609 | E35: =SUM(E25:E34) -> 100 | F35: =SUM(F25:F34) -> 509 | H35: 24 | I35: Orawski | J35: 600
H36: 29 | I36: Telefon | J36: 799
C37: pozostało XII | D37: =E35+E21+E14 -> 150.42 | E37: 0 | I37: premia | J37: 300
C38: pozostało XI | H38: 26 | I38: Uro Nela | J38: 102
C39: Total | E39: =E37+E38+D37 -> 150.42
I41: RAZEM | J41: =SUM(J33:J40) -> 2151 | K41: =SUM(K33:K39) -> 0 | L41: =SUM(L33:L39) -> 0
I43: =D14+D21+D35 -> 6375 | J43: =J41+J29+J17 -> 10937 | K43: =J43+I43 -> 17312

Sheet Listopad25- wydatki
A1: \
B2: Koszty stałe Damian | H2: Koszty stałe Malwina | N2: Kolumna nr 1 | O2: Wypłaty | P2: Suma | Q2: Koszty stałe | R2: Koszty dyn. | S2: Pozostałe | T2: Podsumowanie
C3: Rodzaj | D3: Budżet | E3: Pozostało | F3: Wydano | I3: Rodzaj | J3: Budżet | K3: Pozostało | L3: Wydano | N3: Damian | O3: =7263+300 -> 7563 | P3: =Q3+R3+S3 -> 6707 | Q3: =D14 -> 6299 | R3: =D21 -> 358 | S3: =D35 -> 50 | T3: =O3-P3 -> 856
B4: 2 | C4: internet | D4: 85 | E4: ='Listopad25- wydatki'!$D4-'Listopad25- wydatki'!$F4 -> 0 | F4: =25+60 -> 85 | H4: 1 | I4: rata | J4: 3400 | N4: Malwina | O4: =7108+2300 -> 9408 | P4: =Q4+R4+S4 -> 10264 | Q4: =J17 -> 6536 | R4: =J29 -> 2345 | S4: =J41 -> 1383 | T4: =O4-P4 -> -856
B5: 4 | C5: telefon | D5: 40 | E5: ='Listopad25- wydatki'!$D5-'Listopad25- wydatki'!$F5 -> 0 | F5: =29+4+7 -> 40 | H5: 3 | I5: woda | J5: 140 | N5: Suma | O5: =K43=O3+O4 -> TRUE | P5: =Q5+R5+S5 -> 16971 | Q5: =Q3+Q4 -> 12835 | R5: =R3+R4 -> 2703 | S5: =S3+S4 -> 1433
B6: 7 | C6: paliwo | D6: 800 | E6: ='Listopad25- wydatki'!$D6-'Listopad25- wydatki'!$F6 -> 0 | F6: =180+235+99+95+191 -> 800 | H6: 9 | I6: jedzenie | J6: 800
B7: 8 | C7: jedzenie | D7: 800 | E7: ='Listopad25- wydatki'!$D7-'Listopad25- wydatki'!$F7 -> -0.4 | F7: =20+33.71+11.18+16.66+104.63+3.99+29.55+170.65+17.88+59+110+12.74+57.7+85+36.87+5.97+41.87+35-52 -> 800.4 | G7: 6.12 | H7: 11 | I7: smieci | J7: 140 | N7: Oszczędnościowe
B8: 5 | C8: Gaz | D8: 300 | E8: ='Listopad25- wydatki'!$D8-F8 -> 0 | F8: =235+65 -> 300 | H8: 12 | I8: izba | J8: 65 | N8: PEKAO | O8: DOM | P8: =4230+261+318-1650+300-223+300-250+250+228+453+350-332-350+358-120 -> 4123 | Q8: po XI
B9: 14 | C9: rozne | D9: 100 | E9: ='Listopad25- wydatki'!$D9-'Listopad25- wydatki'!$F9 -> 0 | F9: =30+20+22+3+14+11 -> 100 | H9: 13 | I9: lekarz | J9: 300 | O9: NEW CAR | P9: =6660+1230+100+10+1000+1000+1000+1000 -> 12000 | Q9: po XI
B10: 19 | C10: auto | D10: 500 | E10: ='Listopad25- wydatki'!$D10-'Listopad25- wydatki'!$F10 -> 0 | F10: 500 | H10: 17 | I10: chemia | J10: 100 | O10: GAZ | P10: =127+100+152+173+163+150+65 -> 930 | Q10: po XI
B11: 21 | C11: fryzjer | D11: 50 | E11: ='Listopad25- wydatki'!$D11-'Listopad25- wydatki'!$F11 -> 0 | F11: 50 | H11: 18 | I11: mieszkanie | J11: 100 | P11: =P8+P9+P10 -> 17053
B12: 26 | C12: auto new | D12: 1000 | E12: ='Listopad25- wydatki'!$D12-'Listopad25- wydatki'!$F12 -> 0 | F12: 1000 | H12: 20 | I12: swieta | J12: 100 | O12: auto | P12: =1510+500+500+500-900-370+330-20 -> 2050 | Q12: po X
B13: 27 | C13: Kieszkonkowe D | D13: 2624 | E13: =D13-F13 -> 0 | F13: =7+960+226+23+108+30+1250+20 -> 2624 | H13: 22 | I13: fryzjer | J13: 50
C14: RAZEM | D14: =SUM(D4:D13) -> 6299 | E14: =SUM(E4:E13) -> -0.4 | H14: 23 | I14: koszty roczne | J14: 350
H15: 25 | I15: konkursy | J15: 50
B16: Koszty dynamiczne Damian | H16: 28 | I16: Kieszkonkowe M | J16: 941
C17: Rodzaj | D17: Budżet | E17: Pozostało | F17: Wydano | I17: RAZEM | J17: =SUM(J4:J16) -> 6536 | K17: =SUM(K4:K16) -> 0 | L17: =SUM(L4:L16) -> 0 | O17: =5310-206+19+83+36 -> 5242 | Q17: =68-52 -> 16
C18: sanok | E18: ='Listopad25- wydatki'!$D18-F18 -> 0
C19: Dom | D19: 358 | E19: ='Listopad25- wydatki'!$D19-F19 -> 0 | F19: =358 -> 358 | H19: Koszty dynamiczne Malwina
C20: Tv | E20: ='Listopad25- wydatki'!$D20-F20 -> 0 | I20: Rodzaj | J20: Budżet | K20: Pozostało | L20: Wydano
C21: RAZEM | D21: =SUM(D18:D20) -> 358 | E21: =SUM(E18:E20) -> 0 | F21: =SUM(F18:F20) -> 358 | H21: 6 | I21: Przedszkole | J21: 1095
H22: 15 | I22: Dzieci | J22: 200 | S22: 50fryzjer
B23: Pozostałe Damian | H23: 16 | I23: Apteka | J23: 100 | T23: 32
C24: Rodzaj | D24: Budżet | E24: Pozostało | F24: Wydano | I24: Urodziny dzieci | J24: 100 | S24: M | T24: 42elfi,punkt049-32
B25: 10 | C25: Woda | D25: 50 | E25: =D25-F25 -> 0 | F25: =35+15 -> 50 | I25: Maja lutcza | J25: 50 | T25: 25tort,zakupy52
C26: Szmatki | E26: =D26-F26 -> 0 | H26: 21 | I26: Wakacje | J26: 400 | T26: kwiaty babcia 109
C27: Youtube | E27: =D27-F27 -> 0 | H27: 25 | I27: Zabawowe | J27: 400 | T27: 260 + 50 = 310
B28: 23 | C28: Prąd | E28: =D28-F28 -> 0 | H28: 31 | I28: pierogi
E29: =D29-F29 -> 0 | I29: RAZEM | J29: =SUM(J21:J28) -> 2345 | K29: =SUM(K21:K27) -> 0 | L29: =SUM(L21:L27) -> 0
C30: ladowarka | E30: =D30-F30 -> 0
C31: sylwek | E31: =D31-F31 -> 0 | H31: Pozostałe Malwina
E32: =D32-F32 -> 0 | I32: Rodzaj | J32: Budżet | K32: Pozostało | L32: Wydano
B33: 30 | C33: URO BARTI | E33: =D33-F33 -> 0 | H33: 22 | I33: Podatek | J33: 89
C34: Znicze | E34: =D34-F34 -> 0 | I34: bilety | J34: 638
C35: RAZEM | D35: =SUM(D25:D34) -> 50 | E35: =SUM(E25:E34) -> 0 | F35: =SUM(F25:F34) -> 50 | H35: 24 | I35: uro barti | J35: 367
H36: 29 | I36: hebda | J36: 69
C37: pozostało I | D37: =E35+E21+E14 -> -0.4 | E37: 0 | I37: olinii | J37: 220
C38: pozostało XII | H38: 26 | I38: puro Hania
C39: Total | E39: =E37+E38+D37 -> -0.4
D40: kwiaty babcia | E40: 0
E41: =E39-E40 -> -0.4 | I41: RAZEM | J41: =SUM(J33:J40) -> 1383 | K41: =SUM(K33:K39) -> 0 | L41: =SUM(L33:L39) -> 0
I43: =D14+D21+D35 -> 6707 | J43: =J41+J29+J17 -> 10264 | K43: =J43+I43 -> 16971

Sheet Październik25- wydatki
A1: \
B2: Koszty stałe Damian | H2: Koszty stałe Malwina | N2: Kolumna nr 1 | O2: Wypłaty | P2: Suma | Q2: Koszty stałe | R2: Koszty dyn. | S2: Pozostałe | T2: Podsumowanie
C3: Rodzaj | D3: Budżet | E3: Pozostało | F3: Wydano | I3: Rodzaj | J3: Budżet | K3: Pozostało | L3: Wydano | N3: Damian | O3: 5469 | P3: =Q3+R3+S3 -> 5083 | Q3: =D14 -> 4175 | R3: =D21 -> 480 | S3: =D35 -> 428 | T3: =O3-P3 -> 386
B4: 2 | C4: internet | D4: 85 | E4: ='Październik25- wydatki'!$D4-'Październik25- wydatki'!$F4 -> 0 | F4: 85 | H4: 1 | I4: rata | J4: 3400 | N4: Malwina | O4: =5662+2250+1375 -> 9287 | P4: =Q4+R4+S4 -> 9673 | Q4: =J17 -> 6045 | R4: =J29 -> 3383 | S4: =J41 -> 245 | T4: =O4-P4 -> -386
B5: 4 | C5: telefon | D5: 40 | E5: ='Październik25- wydatki'!$D5-'Październik25- wydatki'!$F5 -> 0 | F5: 40 | H5: 3 | I5: woda | J5: 140 | N5: Suma | O5: =K43=O3+O4 -> TRUE | P5: =Q5+R5+S5 -> 14756 | Q5: =Q3+Q4 -> 10220 | R5: =R3+R4 -> 3863 | S5: =S3+S4 -> 673
B6: 7 | C6: paliwo | D6: 800 | E6: ='Październik25- wydatki'!$D6-'Październik25- wydatki'!$F6 -> 0 | F6: =99+330+98+100+23+150 -> 800 | H6: 9 | I6: jedzenie | J6: 800
B7: 8 | C7: jedzenie | D7: 800 | E7: ='Październik25- wydatki'!$D7-'Październik25- wydatki'!$F7 -> 0.12 | F7: =32.83+22.39+5.58+42.08+101.64+36.83+4.59+36.23+21.42+58.33+96.28+113+6.5+57.08+50.82+20.67+16.67+50.3+11.64+15 -> 799.88 | H7: 11 | I7: smieci | J7: 140 | N7: Oszczędnościowe
B8: 5 | C8: Gaz | D8: 300 | E8: ='Październik25- wydatki'!$D8-F8 -> 0 | F8: =150+150 -> 300 | H8: 12 | I8: izba | J8: 65 | N8: PEKAO | O8: DOM | P8: =4230+261+318-1650+300-223+300-250+250+228+453+350-332-350 -> 3885 | Q8: po X
B9: 14 | C9: rozne | D9: 100 | E9: ='Październik25- wydatki'!$D9-'Październik25- wydatki'!$F9 -> 0 | F9: =28+3+17+48+3+1 -> 100 | H9: 13 | I9: lekarz | J9: 300 | O9: NEW CAR | P9: =6660+1230+100+10+1000+1000+1000 -> 11000 | Q9: po X
B10: 19 | C10: auto | D10: 500 | E10: ='Październik25- wydatki'!$D10-'Październik25- wydatki'!$F10 -> 0 | F10: 500 | H10: 17 | I10: chemia | J10: 50 | O10: GAZ | P10: =127+100+152+173+163+150 -> 865 | Q10: po X
B11: 21 | C11: fryzjer | D11: 50 | E11: ='Październik25- wydatki'!$D11-'Październik25- wydatki'!$F11 -> 0 | F11: 50 | H11: 18 | I11: mieszkanie | J11: 100 | P11: =P8+P9+P10 -> 15750
B12: 26 | C12: auto new | D12: 1000 | E12: ='Październik25- wydatki'!$D12-'Październik25- wydatki'!$F12 -> 0 | F12: 1000 | H12: 20 | I12: swieta | J12: 100 | O12: auto | P12: =1510+500+500+500-900-370+330-20 -> 2050 | Q12: po X
B13: 27 | C13: Kieszkonkowe D | D13: 500 | E13: ='Październik25- wydatki'!$D13-'Październik25- wydatki'!$F13 -> 0 | F13: =300+26+25+46+3+27+45+10+18 -> 500 | H13: 22 | I13: fryzjer | J13: 50
C14: RAZEM | D14: =SUM(D4:D13) -> 4175 | E14: =SUM(E4:E13) -> 0.12 | F14: =SUM(F4:F13) -> 4174.88 | H14: 23 | I14: koszty roczne | J14: 350
H15: 25 | I15: konkursy | J15: 50 | L15: 20
B16: Koszty dynamiczne Damian | H16: 28 | I16: Kieszkonkowe M | J16: 500
C17: Rodzaj | D17: Budżet | E17: Pozostało | F17: Wydano | I17: RAZEM | J17: =SUM(J4:J16) -> 6045 | K17: =SUM(K4:K16) -> 0 | L17: =SUM(L4:L16) -> 20 | O17: =5310-206+19+83+36 -> 5242 | Q17: =68-52 -> 16
C18: sanok | D18: 130 | E18: ='Październik25- wydatki'!$D18-F18 -> 0 | F18: 130
C19: Dom | D19: 350 | E19: ='Październik25- wydatki'!$D19-F19 -> 0 | F19: 350 | H19: Koszty dynamiczne Malwina
C20: Tv | E20: ='Październik25- wydatki'!$D20-F20 -> 0 | I20: Rodzaj | J20: Budżet | K20: Pozostało | L20: Wydano
C21: RAZEM | D21: =SUM(D18:D20) -> 480 | E21: =SUM(E18:E20) -> 0 | F21: =SUM(F18:F20) -> 480 | H21: 6 | I21: Przedszkole | J21: 1167
H22: 15 | I22: Dzieci | J22: 200
B23: Pozostałe Damian | H23: 16 | I23: Apteka | J23: 100
C24: Rodzaj | D24: Budżet | E24: Pozostało | F24: Wydano | I24: kaucja | J24: 1100
B25: 10 | C25: Woda | D25: 50 | E25: =D25-F25 -> 0 | F25: 50 | I25: ksiazki | J25: 50
C26: Szmatki | D26: 69 | E26: =D26-F26 -> 0 | F26: 69 | H26: 21 | I26: Wakacje | J26: 400
C27: Youtube | E27: =D27-F27 -> 0 | H27: 25 | I27: Zabawowe | J27: 350
B28: 23 | C28: Prąd | D28: 54 | E28: =D28-F28 -> 0 | F28: 54 | H28: 31 | I28: pierogi | J28: 16
E29: =D29-F29 -> 0 | I29: RAZEM | J29: =SUM(J21:J28) -> 3383 | K29: =SUM(K21:K27) -> 0 | L29: =SUM(L21:L27) -> 0
C30: ladowarka | E30: =D30-F30 -> 0
C31: sylwek | D31: 100 | E31: =D31-F31 -> 100 | H31: Pozostałe Malwina
E32: =D32-F32 -> 0 | I32: Rodzaj | J32: Budżet | K32: Pozostało | L32: Wydano
B33: 30 | C33: URO BARTI | D33: 105 | E33: =D33-F33 -> 0 | F33: 105 | H33: 22 | I33: Podatek
C34: Znicze | D34: 50 | E34: =D34-F34 -> 0 | F34: =30+20 -> 50 | I34: uro tata
C35: RAZEM | D35: =SUM(D25:D34) -> 428 | E35: =SUM(E25:E34) -> 100 | F35: =SUM(F25:F34) -> 328 | H35: 24 | I35: Maja lutcza | J35: 50
H36: 29 | I36: uro Amelka | J36: 100
C37: pozostało I | D37: =E35+E21+E14 -> 100.12 | E37: 0 | I37: dlugi | J37: 95
C38: pozostało XII | H38: 26 | I38: puro Hania
C39: Total | E39: =E37+E38+D37 -> 100.12
I41: RAZEM | J41: =SUM(J33:J40) -> 245 | K41: =SUM(K33:K39) -> 0 | L41: =SUM(L33:L39) -> 0
I43: =D14+D21+D35 -> 5083 | J43: =J41+J29+J17 -> 9673 | K43: =J43+I43 -> 14756

Sheet Wrzesień25- wydatki
A1: \
B2: Koszty stałe Damian | H2: Koszty stałe Malwina | N2: Kolumna nr 1 | O2: Wypłaty | P2: Suma | Q2: Koszty stałe | R2: Koszty dyn. | S2: Pozostałe | T2: Podsumowanie
C3: Rodzaj | D3: Budżet | E3: Pozostało | F3: Wydano | I3: Rodzaj | J3: Budżet | K3: Pozostało | L3: Wydano | N3: Damian | O3: 5300 | P3: =Q3+R3+S3 -> 4495 | Q3: =D14 -> 4175 | R3: =D21 -> 100 | S3: =D35 -> 220 | T3: =O3-P3 -> 805
B4: 2 | C4: internet | D4: 85 | E4: ='Wrzesień25- wydatki'!$D4-'Wrzesień25- wydatki'!$F4 -> 0 | F4: 85 | H4: 1 | I4: rata | J4: 3400 | N4: Malwina | O4: 7912 | P4: =Q4+R4+S4 -> 8717 | Q4: =J17 -> 6050 | R4: =J29 -> 1917 | S4: =J41 -> 750 | T4: =O4-P4 -> -805
B5: 4 | C5: telefon | D5: 40 | E5: ='Wrzesień25- wydatki'!$D5-'Wrzesień25- wydatki'!$F5 -> 0 | F5: 40 | H5: 3 | I5: woda | J5: 140 | N5: Suma | O5: =K43=O3+O4 -> TRUE | P5: =Q5+R5+S5 -> 13212 | Q5: =Q3+Q4 -> 10225 | R5: =R3+R4 -> 2017 | S5: =S3+S4 -> 970
B6: 5 | C6: paliwo | D6: 800 | E6: ='Wrzesień25- wydatki'!$D6-'Wrzesień25- wydatki'!$F6 -> 0 | F6: =95+98+215+248+99+45 -> 800 | H6: 7 | I6: jedzenie | J6: 800
B7: 6 | C7: jedzenie | D7: 800 | E7: ='Wrzesień25- wydatki'!$D7-'Wrzesień25- wydatki'!$F7 -> -0.26 | F7: =214+5.5+18.78+72.15+20.87+55+52+8.99+15.87+15.12+14.02+13.66+198.25+21.81+49.24+25 -> 800.26 | H7: 9 | I7: smieci | J7: 140 | N7: Oszczędnościowe
B8: 5 | C8: Gaz | D8: 300 | E8: ='Wrzesień25- wydatki'!$D8-F8 -> 0 | F8: 300 | H8: 10 | I8: izba | J8: 65 | N8: PEKAO | O8: DOM | P8: =4230+261+318-1650+300-223+300-250+250+228+453 -> 4217 | Q8: po VIII
B9: 12 | C9: rozne | D9: 100 | E9: ='Wrzesień25- wydatki'!$D9-'Wrzesień25- wydatki'!$F9 -> 0 | F9: =9+8+4+4+59+16 -> 100 | H9: 11 | I9: lekarz | J9: 300 | O9: NEW CAR | P9: =6660+1230+100+10+1000+1000 -> 10000 | Q9: po IX
B10: 15 | C10: auto | D10: 500 | E10: ='Wrzesień25- wydatki'!$D10-'Wrzesień25- wydatki'!$F10 -> 0 | F10: 500 | H10: 13 | I10: chemia | J10: 55 | O10: GAZ | P10: =127+100+152+173+163 -> 715 | Q10: po IX
B11: 17 | C11: fryzjer | D11: 50 | E11: ='Wrzesień25- wydatki'!$D11-'Wrzesień25- wydatki'!$F11 -> 0 | F11: 50 | H11: 14 | I11: mieszkanie | J11: 100 | P11: =P8+P9+P10 -> 14932
B12: 21 | C12: auto new | D12: 1000 | E12: ='Wrzesień25- wydatki'!$D12-'Wrzesień25- wydatki'!$F12 -> 0 | F12: 1000 | H12: 16 | I12: swieta | J12: 100 | O12: auto | P12: =1510+500+500+500-900-370+330-20 -> 2050 | Q12: po VII
B13: 22 | C13: Kieszkonkowe D | D13: 500 | E13: ='Wrzesień25- wydatki'!$D13-'Wrzesień25- wydatki'!$F13 -> 0 | F13: =310+25+61+23+81 -> 500 | H13: 18 | I13: fryzjer | J13: 50
C14: RAZEM | D14: =SUM(D4:D13) -> 4175 | E14: =SUM(E4:E13) -> -0.26 | F14: =SUM(F4:F13) -> 4175.26 | H14: 19 | I14: koszty roczne | J14: 350
H15: 20 | I15: konkursy | J15: 50
B16: Koszty dynamiczne Damian | H16: 23 | I16: Kieszkonkowe M | J16: 500
C17: Rodzaj | D17: Budżet | E17: Pozostało | F17: Wydano | I17: RAZEM | J17: =SUM(J4:J16) -> 6050 | K17: =SUM(K4:K16) -> 0 | L17: =SUM(L4:L16) -> 0 | O17: =5310-206+19+83+36 -> 5242 | Q17: =68-52 -> 16
C18: Sanok | D18: 100 | E18: ='Wrzesień25- wydatki'!$D18-F18 -> 0 | F18: 100
C19: Dom | E19: ='Wrzesień25- wydatki'!$D19-F19 -> 0 | H19: Koszty dynamiczne Malwina
C20: Tv | E20: ='Wrzesień25- wydatki'!$D20-F20 -> 0 | I20: Rodzaj | J20: Budżet | K20: Pozostało | L20: Wydano
C21: RAZEM | D21: =SUM(D18:D20) -> 100 | E21: =SUM(E18:E20) -> 0 | F21: =SUM(F18:F20) -> 100 | H21: 6 | I21: Przedszkole | J21: 1167
H22: 13 | I22: Dzieci | J22: 200
B23: Pozostałe Damian | H23: 14 | I23: Apteka | J23: 100
C24: Rodzaj | D24: Budżet | E24: Pozostało | F24: Wydano | I24: książki | J24: 50
B25: 8 | C25: Woda | D25: 50 | E25: =D25-F25 -> 0 | F25: =30+20 -> 50 | I25: maliny | R25: rossman | S25: 44.48
C26: Szmatki | E26: =D26-F26 -> 0 | H26: 21 | I26: Wakacje | R26: rossman | S26: 61.7
C27: Youtube | E27: =D27-F27 -> 0 | H27: 25 | I27: Zabawowe | J27: 400
B28: 23 | C28: Prąd | D28: 70 | E28: =D28-F28 -> 0 | F28: =53+17 -> 70
C29: gumki | D29: 51 | E29: =D29-F29 -> 0 | F29: 51 | I29: RAZEM | J29: =SUM(J21:J28) -> 1917 | K29: =SUM(K21:K27) -> 0 | L29: =SUM(L21:L27) -> 0 | R29: jedzenie | S29: 44.48 | T29: 32.83 | U29: 22.39 | V29: 5.58 | W29: 42.08 | X29: 101.64 | Y29: 19.99 | Z29: 36.83
C30: ladowarka | D30: 49 | E30: =D30-F30 -> 0 | F30: 49
H31: Pozostałe Malwina
I32: Rodzaj | J32: Budżet | K32: Pozostało | L32: Wydano
H33: 22 | I33: Podatek | J33: 90
I34: uro tata | J34: 110
C35: RAZEM | D35: =SUM(D25:D34) -> 220 | E35: =SUM(E25:E34) -> 0 | F35: =SUM(F25:F30) -> 220 | H35: 20 | I35: Maja lutcza | J35: 50
H36: 24 | I36: ur o Barti | J36: 230
C37: pozostało I | D37: =E35+E21+E14 -> -0.26 | E37: 0 | I37: kaucja | J37: 100
C38: pozostało XII | E38: 169 | H38: 26 | I38: puro Hania | J38: 70
C39: Total | E39: =E37+E38+D37 -> 168.74 | I39: uro Ignaś | J39: 100
I41: RAZEM | J41: =SUM(J33:J40) -> 750 | K41: =SUM(K33:K39) -> 0 | L41: =SUM(L33:L39) -> 0
I43: =D14+D21+D35 -> 4495 | J43: =J41+J29+J17 -> 8717 | K43: =J43+I43 -> 13212

Sheet Sierpień25 - wydatki
A1: \
B2: Koszty stałe Damian | H2: Koszty stałe Malwina | N2: Kolumna nr 1 | O2: Wypłaty | P2: Suma | Q2: Koszty stałe | R2: Koszty dyn. | S2: Pozostałe | T2: Podsumowanie
C3: Rodzaj | D3: Budżet | E3: Pozostało | F3: Wydano | I3: Rodzaj | J3: Budżet | K3: Pozostało | L3: Wydano | N3: Damian | O3: =5379+295 -> 5674 | P3: =Q3+R3+S3 -> 4857 | Q3: =D14 -> 4075 | R3: =D21 -> 553 | S3: =D35 -> 229 | T3: =O3-P3 -> 817
B4: 2 | C4: internet | D4: 85 | E4: ='Sierpień25 - wydatki'!$D4-'Sierpień25 - wydatki'!$F4 -> 0 | F4: 85 | H4: 1 | I4: rata | J4: 3400 | N4: Malwina | O4: =7755+447 -> 8202 | P4: =Q4+R4+S4 -> 9019 | Q4: =J17 -> 6045 | R4: =J29 -> 2529 | S4: =J41 -> 445 | T4: =O4-P4 -> -817
B5: 4 | C5: telefon | D5: 40 | E5: ='Sierpień25 - wydatki'!$D5-'Sierpień25 - wydatki'!$F5 -> 0 | F5: 40 | H5: 3 | I5: woda | J5: 140 | N5: Suma | O5: =K43=O3+O4 -> TRUE | P5: =Q5+R5+S5 -> 13876 | Q5: =Q3+Q4 -> 10120 | R5: =R3+R4 -> 3082 | S5: =S3+S4 -> 674
B6: 5 | C6: paliwo | D6: 700 | E6: ='Sierpień25 - wydatki'!$D6-'Sierpień25 - wydatki'!$F6 -> -0.25 | F6: =75+102+280+2+70.25+171 -> 700.25 | H6: 7 | I6: jedzenie | J6: 800
B7: 6 | C7: jedzenie | D7: 800 | E7: ='Sierpień25 - wydatki'!$D7-'Sierpień25 - wydatki'!$F7 -> 0 | F7: =31.5+45.92+24.17+35.71+11.59+1.49+39.43+8.68+68.24+19.47+97.07+42.53+117.5+35.13+47.52+122.78+65.91+6.59+6.59-28+0.18 -> 800 | H7: 9 | I7: smieci | J7: 140 | N7: Oszczędnościowe
B8: 5 | C8: Gaz | D8: 300 | E8: ='Sierpień25 - wydatki'!$D8-F8 -> 0 | F8: =127+173 -> 300 | H8: 10 | I8: izba | J8: 65 | N8: PEKAO | O8: DOM | P8: =4230+261+318-1650+300-223+300-250+250+228+453 -> 4217 | Q8: po VIII
B9: 12 | C9: rozne | D9: 100 | E9: ='Sierpień25 - wydatki'!$D9-'Sierpień25 - wydatki'!$F9 -> 0.12 | F9: =53.88+4+40+2 -> 99.88 | H9: 11 | I9: lekarz | J9: 300 | O9: NEW CAR | P9: =6660+1230+100+10+1000 -> 9000 | Q9: po VIII
B10: 15 | C10: auto | D10: 500 | E10: ='Sierpień25 - wydatki'!$D10-'Sierpień25 - wydatki'!$F10 -> 0 | F10: 500 | H10: 13 | I10: chemia | J10: 50 | O10: GAZ | P10: =127+100+152+173 -> 552 | Q10: po VIII
B11: 17 | C11: fryzjer | D11: 50 | E11: ='Sierpień25 - wydatki'!$D11-'Sierpień25 - wydatki'!$F11 -> 0 | F11: 50 | H11: 14 | I11: mieszkanie | J11: 100 | P11: =P8+P9+P10 -> 13769
B12: 21 | C12: auto new | D12: 1000 | E12: ='Sierpień25 - wydatki'!$D12-'Sierpień25 - wydatki'!$F12 -> 0 | F12: 1000 | H12: 16 | I12: swieta | J12: 100 | O12: auto | P12: =1510+500+500+500-900-370+330-20 -> 2050 | Q12: po VII
B13: 22 | C13: Kieszkonkowe D | D13: 500 | E13: ='Sierpień25 - wydatki'!$D13-'Sierpień25 - wydatki'!$F13 -> 0 | F13: =330+20+26+35+25+64 -> 500 | H13: 18 | I13: fryzjer | J13: 50
C14: RAZEM | D14: =SUM(D4:D13) -> 4075 | E14: =SUM(E4:E13) -> -0.13 | F14: =SUM(F4:F13) -> 4075.13 | H14: 19 | I14: koszty roczne | J14: 350
H15: 20 | I15: konkursy | J15: 50
B16: Koszty dynamiczne Damian | H16: 23 | I16: Kieszkonkowe M | J16: 500
C17: Rodzaj | D17: Budżet | E17: Pozostało | F17: Wydano | I17: RAZEM | J17: =SUM(J4:J16) -> 6045 | K17: =SUM(K4:K16) -> 0 | L17: =SUM(L4:L16) -> 0 | O17: =5310-206+19+83+36 -> 5242 | Q17: =68-52 -> 16
C18: Sanok | D18: 100 | E18: ='Sierpień25 - wydatki'!$D18-F18 -> 0 | F18: 100
C19: Dom | D19: 453 | E19: ='Sierpień25 - wydatki'!$D19-F19 -> 0 | F19: 453 | H19: Koszty dynamiczne Malwina
C20: Tv | E20: ='Sierpień25 - wydatki'!$D20-F20 -> 0 | I20: Rodzaj | J20: Budżet | K20: Pozostało | L20: Wydano
C21: RAZEM | D21: =SUM(D18:D20) -> 553 | E21: =SUM(E18:E20) -> 0 | F21: =SUM(F18:F20) -> 553 | H21: 6 | I21: Przedszkole | J21: 984
H22: 13 | I22: Dzieci | J22: 200
B23: Pozostałe Damian | H23: 14 | I23: Apteka | J23: 100
C24: Rodzaj | D24: Budżet | E24: Pozostało | F24: Wydano | I24: wesele | J24: 200
B25: 8 | C25: Woda | D25: 60 | E25: =D25-F25 -> 0 | F25: =20+20+10+10 -> 60 | I25: maliny | J25: 100
C26: Szmatki | D26: 69 | E26: =D26-F26 -> 69 | H26: 21 | I26: Wakacje | J26: 400
C27: Youtube | E27: =D27-F27 -> 0 | H27: 25 | I27: Zabawowe | J27: 400
B28: 23 | C28: Prąd | E28: =D28-F28 -> 0 | I28: ur taty | J28: 145
C29: Wojtek | E29: =D29-F29 -> 0 | I29: RAZEM | J29: =SUM(J21:J28) -> 2529 | K29: =SUM(K21:K27) -> 0 | L29: =SUM(L21:L27) -> 0
C30: Truskawki
C31: sylwek | D31: 100 | E31: 100 | H31: Pozostałe Malwina
I32: Rodzaj | J32: Budżet | K32: Pozostało | L32: Wydano
H33: 22 | I33: Podatek
I34: mikolaj prezent | J34: 100
C35: RAZEM | D35: =SUM(D25:D34) -> 229 | E35: =SUM(E25:E34) -> 169 | F35: =SUM(F25:F30) -> 60 | H35: 20 | I35: Maja lutcza | J35: 50
H36: 24 | I36: manka | J36: 145
C37: pozostało I | D37: =E35+E21+E14 -> 168.87 | E37: 0 | I37: kaucja | J37: 100
C38: pozostało XII | H38: 26 | I38: Szczoteczki
C39: Total | E39: =E37+E38+D37 -> 168.87 | I39: ksiazki | J39: 50
I40: Gaja
I41: RAZEM | J41: =SUM(J33:J40) -> 445 | K41: =SUM(K33:K39) -> 0 | L41: =SUM(L33:L39) -> 0
I43: =D14+D21+D35 -> 4857 | J43: =J41+J29+J17 -> 9019 | K43: =J43+I43 -> 13876

Sheet Lipiec25 - wydatki
A1: \
B2: Koszty stałe Damian | H2: Koszty stałe Malwina | N2: Kolumna nr 1 | O2: Wypłaty | P2: Suma | Q2: Koszty stałe | R2: Koszty dyn. | S2: Pozostałe | T2: Podsumowanie
C3: Rodzaj | D3: Budżet | E3: Pozostało | F3: Wydano | I3: Rodzaj | J3: Budżet | K3: Pozostało | L3: Wydano | N3: Damian | O3: 5095 | P3: =Q3+R3+S3 -> 5043 | Q3: =D14 -> 4455 | R3: =D21 -> 469 | S3: =D35 -> 119 | T3: =O3-P3 -> 52
B4: 2 | C4: internet | D4: 85 | E4: ='Lipiec25 - wydatki'!$D4-'Lipiec25 - wydatki'!$F4 -> 0 | F4: 85 | H4: 1 | I4: rata | J4: 3400 | N4: Malwina | O4: =6554+2200 -> 8754 | P4: =Q4+R4+S4 -> 8806 | Q4: =J17 -> 6257 | R4: =J29 -> 2028 | S4: =J41 -> 521 | T4: =O4-P4 -> -52
B5: 4 | C5: telefon | D5: 40 | E5: ='Lipiec25 - wydatki'!$D5-'Lipiec25 - wydatki'!$F5 -> 0 | F5: 40 | H5: 3 | I5: woda | J5: =134+68 -> 202 | N5: Suma | O5: =K43=O3+O4 -> TRUE | P5: =Q5+R5+S5 -> 13849 | Q5: =Q3+Q4 -> 10712 | R5: =R3+R4 -> 2497 | S5: =S3+S4 -> 640
B6: 5 | C6: paliwo | D6: 700 | E6: ='Lipiec25 - wydatki'!$D6-'Lipiec25 - wydatki'!$F6 -> 0.47 | F6: =87.53+300+305+82-75 -> 699.53 | H6: 7 | I6: jedzenie | J6: 800
B7: 6 | C7: jedzenie | D7: 800 | E7: ='Lipiec25 - wydatki'!$D7-'Lipiec25 - wydatki'!$F7 -> 0 | F7: =12.8+105.62+26.22+29.93+2.8+60.78+2.5+12+27.85+111.56+23.42+9.98+52+6+3+136+44.19+174.21+37.94+6.61+9.55-94.96 -> 800 | H7: 9 | I7: smieci | J7: 140 | N7: Oszczędnościowe
B8: 5 | C8: Gaz | D8: 300 | E8: ='Lipiec25 - wydatki'!$D8-F8 -> 0 | F8: =148+152 -> 300 | H8: 10 | I8: izba | J8: 65 | N8: PEKAO | O8: DOM | P8: =4230+261+318-1650+300-223+300-250+250+228 -> 3764 | Q8: po VI
B9: 12 | C9: rozne | D9: 100 | E9: ='Lipiec25 - wydatki'!$D9-'Lipiec25 - wydatki'!$F9 -> 0 | F9: =3.19+40+5+51.81 -> 100 | H9: 11 | I9: lekarz | J9: 300 | O9: NEW CAR | P9: =6660+1230+100+10 -> 8000 | Q9: po VII
B10: 15 | C10: auto | D10: 500 | E10: ='Lipiec25 - wydatki'!$D10-'Lipiec25 - wydatki'!$F10 -> 0 | F10: 500 | H10: 13 | I10: chemia | J10: 50 | O10: GAZ | P10: =127+100+152 -> 379 | Q10: po VII
B11: 17 | C11: fryzjer | D11: 50 | E11: ='Lipiec25 - wydatki'!$D11-'Lipiec25 - wydatki'!$F11 -> 0 | F11: 50 | H11: 14 | I11: mieszkanie | J11: 100 | P11: =P8+P9+P10 -> 12143
B12: 21 | C12: auto new | D12: 1230 | E12: =D12-F12 -> 0 | F12: 1230 | H12: 16 | I12: swieta | J12: 100 | O12: auto | P12: =1510+500+500+500 -> 3010 | Q12: po VII
B13: 22 | C13: Kieszkonkowe D | D13: 650 | E13: ='Lipiec25 - wydatki'!$D13-'Lipiec25 - wydatki'!$F13 -> 0.09 | F13: =100+500+17.91+8+24 -> 649.91 | H13: 18 | I13: fryzjer | J13: 50
C14: RAZEM | D14: =SUM(D4:D13) -> 4455 | E14: =SUM(E4:E13) -> 0.56 | F14: =SUM(F4:F13) -> 4454.44 | H14: 19 | I14: koszty roczne | J14: 350
H15: 20 | I15: konkursy | J15: 50
B16: Koszty dynamiczne Damian | H16: 23 | I16: Kieszkonkowe M | J16: 650
C17: Rodzaj | D17: Budżet | E17: Pozostało | F17: Wydano | I17: RAZEM | J17: =SUM(J4:J16) -> 6257 | K17: =SUM(K4:K16) -> 0 | L17: =SUM(L4:L16) -> 0 | O17: =5310-206+19+83+36 -> 5242 | Q17: =68-52 -> 16
C18: Sanok | D18: 100 | E18: ='Lipiec25 - wydatki'!$D18-F18 -> 0 | F18: 100
C19: Dom | D19: 369 | E19: ='Lipiec25 - wydatki'!$D19-F19 -> 0 | F19: =369 -> 369 | H19: Koszty dynamiczne Malwina
C20: Tv | E20: ='Lipiec25 - wydatki'!$D20-F20 -> 0 | I20: Rodzaj | J20: Budżet | K20: Pozostało | L20: Wydano
C21: RAZEM | D21: =SUM(D18:D20) -> 469 | E21: =SUM(E18:E20) -> 0 | F21: =SUM(F8:F20) -> 7753.35 | H21: 6 | I21: Przedszkole | J21: 1028
H22: 13 | I22: Dzieci | J22: 200
B23: Pozostałe Damian | H23: 14 | I23: Apteka | J23: 100
C24: Rodzaj | D24: Budżet | E24: Pozostało | F24: Wydano | I24: Implant
B25: 8 | C25: Woda | D25: 50 | E25: =D25-F25 -> 0 | F25: =20+20+10 -> 50 | I25: Eris
C26: Szmatki | D26: 69 | E26: =D26-F26 -> 0 | F26: =69 -> 69 | H26: 21 | I26: Wakacje | J26: 400
C27: Youtube | E27: =D27-F27 -> 0 | H27: 25 | I27: Zabawowe | J27: 300
B28: 23 | C28: Prąd | E28: =D28-F28 -> 0 | I28: Kwiaty
C29: Wojtek | E29: =D29-F29 -> 0 | I29: RAZEM | J29: =SUM(J21:J28) -> 2028 | K29: =SUM(K21:K27) -> 0 | L29: =SUM(L21:L27) -> 0
C30: Truskawki
H31: Pozostałe Malwina
I32: Rodzaj | J32: Budżet | K32: Pozostało | L32: Wydano
H33: 22 | I33: Podatek
I34: Ogrody | J34: 168
C35: RAZEM | D35: =SUM(D25:D34) -> 119 | E35: =SUM(E25:E34) -> 0 | F35: =SUM(F25:F30) -> 119 | H35: 20 | I35: Maja lutcza | J35: 50
H36: 24 | I36: urodziny przedsz | J36: 100
C37: pozostało I | D37: =E35+E21+E14 -> 0.56 | E37: 0 | I37: Olini | J37: 83
C38: pozostało XII | H38: 26 | I38: Szczoteczki
C39: Total | E39: =E37+E38+D37 -> 0.56 | I39: ksiazki | J39: 50
I40: Gaja | J40: 70
I41: RAZEM | J41: =SUM(J33:J40) -> 521 | K41: =SUM(K33:K39) -> 0 | L41: =SUM(L33:L39) -> 0
I43: =D14+D21+D35 -> 5043 | J43: =J41+J29+J17 -> 8806 | K43: =J43+I43 -> 13849

Sheet Kwiecień25 - wydatki 
A1: \
B2: Koszty stałe Damian | H2: Koszty stałe Malwina | N2: Kolumna nr 1 | O2: Wypłaty | P2: Suma | Q2: Koszty stałe | R2: Koszty dyn. | S2: Pozostałe | T2: Podsumowanie
C3: Rodzaj | D3: Budżet | E3: Pozostało | F3: Wydano | I3: Rodzaj | J3: Budżet | K3: Pozostało | L3: Wydano | N3: Damian | O3: =(5186+75+10) -> 5271 | P3: =Q3+R3+S3 -> 4902 | Q3: =D14 -> 4156 | R3: =D21 -> 630 | S3: =D35 -> 116 | T3: =O3-P3 -> 369
B4: 2 | C4: internet | D4: 85 | E4: ='Kwiecień25 - wydatki '!$D4-F4 -> 0 | F4: 85 | H4: 1 | I4: rata | J4: 3105 | N4: Malwina | O4: 7962 | P4: =Q4+R4+S4 -> 8331 | Q4: =J17 -> 5748 | R4: =J29 -> 2084 | S4: =J41 -> 499 | T4: =O4-P4 -> -369
B5: 4 | C5: telefon | D5: 40 | E5: ='Kwiecień25 - wydatki '!$D5-F5 -> 0 | F5: 40 | H5: 3 | I5: woda | J5: 130 | N5: Suma | O5: =K43=O3+O4 -> TRUE | P5: =Q5+R5+S5 -> 13233 | Q5: =Q3+Q4 -> 9904 | R5: =R3+R4 -> 2714 | S5: =S3+S4 -> 615
B6: 5 | C6: paliwo | D6: =800+75 -> 875 | E6: ='Kwiecień25 - wydatki '!$D6-F6 -> 0 | F6: =(300+122+115+133+111+94) -> 875 | H6: 7 | I6: jedzenie | J6: 800
B7: 6 | C7: jedzenie | D7: 900 | E7: ='Kwiecień25 - wydatki '!$D7-F7 -> 0 | F7: =57+31+108+29.92+23.45+10.81+50.1+80.83+184.66+23.94+30.17+10.68+9.78+200.95+31.29+4.5+12.92 -> 900 | H7: 9 | I7: smieci | J7: 128 | N7: Oszczędnościowe
B8: 8 | C8: revolut | D8: 56 | E8: ='Kwiecień25 - wydatki '!$D8-F8 -> 0 | F8: 56 | H8: 10 | I8: izba | J8: 65 | N8: PEKAO | O8: DOM | P8: =4230+261+318-1650+300-223 -> 3236 | Q8: po IV
B9: 12 | C9: rozne | D9: 140 | E9: ='Kwiecień25 - wydatki '!$D9-F9 -> 36 | F9: =(20+40+10+25+9) -> 104 | H9: 11 | I9: lekarz | J9: 300 | O9: NEW CAR | P9: 4660 | Q9: po IV
B10: 15 | C10: auto | D10: 500 | E10: ='Kwiecień25 - wydatki '!$D10-F10 -> 0 | F10: 500 | H10: 13 | I10: chemia | J10: 70 | P10: =P8+P9 -> 7896
B11: 17 | C11: fryzjer | D11: 60 | E11: ='Kwiecień25 - wydatki '!$D11-F11 -> 0 | F11: 60 | H11: 14 | I11: mieszkanie | J11: 100
B12: 21 | C12: auto new | D12: 1000 | E12: ='Kwiecień25 - wydatki '!$D12-F12 -> 0 | F12: 1000 | H12: 16 | I12: swieta | J12: 100 | O12: auto | P12: 1510
B13: 22 | C13: Kieszkonkowe D | D13: 500 | E13: ='Kwiecień25 - wydatki '!$D13-F13 -> 0 | F13: 500 | H13: 18 | I13: fryzjer | J13: 50
C14: RAZEM | D14: =SUM(D4:D13) -> 4156 | E14: =SUM(E4:E13) -> 36 | F14: =SUM(F4:F13) -> 4120 | H14: 19 | I14: koszty roczne | J14: 350
H15: 20 | I15: konkursy | J15: 50
B16: Koszty dynamiczne Damian | H16: 23 | I16: Kieszkonkowe M | J16: 500
C17: Rodzaj | D17: Budżet | E17: Pozostało | F17: Wydano | I17: RAZEM | J17: =SUM(J4:J16) -> 5748 | K17: =SUM(K4:K16) -> 0 | L17: =SUM(L4:L16) -> 0
B18: 5 | C18: Gaz | D18: 330 | E18: =D18-F18 -> 83 | F18: 247
C19: Dom | D19: 300 | E19: =D19-F19 -> 0 | F19: 300 | H19: Koszty dynamiczne Malwina
C20: Tv | E20: =D20-F20 -> 0 | I20: Rodzaj | J20: Budżet | K20: Pozostało | L20: Wydano
C21: RAZEM | D21: =SUM(D18:D20) -> 630 | E21: =SUM(E18:E20) -> 83 | F21: =SUM(F18:F20) -> 547 | H21: 6 | I21: Przedszkole | J21: 1071
H22: 13 | I22: Dzieci | J22: 200 | O22: =88.11+200+84 -> 372.11
B23: Pozostałe Damian | H23: 14 | I23: Apteka | J23: 113
C24: Rodzaj | D24: Budżet | E24: Pozostało | F24: Wydano | I24: Implant | O24: DODAC 94,37
B25: 8 | C25: Woda | D25: 50 | E25: =D25-F25 -> 19 | F25: =16+15 -> 31 | I25: Eris
C26: Zaległości | D26: 0 | E26: =D26-F26 -> 0 | H26: 21 | I26: Wakacje | J26: 400
C27: Youtube | D27: 17 | E27: =D27-F27 -> 0 | F27: 17 | H27: 25 | I27: Zabawowe | J27: 300
B28: 23 | C28: Prąd | D28: 0 | E28: =D28-F28 -> 0 | I28: Kwiaty
C29: Wojtek | D29: 0 | E29: =D29-F29 -> 0 | I29: RAZEM | J29: =SUM(J21:J28) -> 2084 | K29: =SUM(K21:K27) -> 0 | L29: =SUM(L21:L27) -> 0
C30: dudek | D30: 49 | E30: =D30-F30 -> 0 | F30: 49
H31: Pozostałe Malwina
I32: Rodzaj | J32: Budżet | K32: Pozostało | L32: Wydano
H33: 22 | I33: Podatek
I34: Dzień dziadków
C35: RAZEM | D35: =SUM(D25:D34) -> 116 | E35: =SUM(E25:E34) -> 19 | F35: =SUM(F25:F30) -> 97 | H35: 20 | I35: Maja lutcza | J35: 50
H36: 24 | I36: Anglia | J36: 300
C37: pozostało I | E37: =E14+E21+E35 -> 138 | I37: wielkanoc | J37: 100
C38: pozostało XII | H38: 26 | I38: Szczoteczki
C39: Total | E39: =E37+E38 -> 138 | I39: ksiazki | J39: 49
I40: Uro Mai
I41: RAZEM | J41: =SUM(J33:J40) -> 499 | K41: =SUM(K33:K39) -> 0 | L41: =SUM(L33:L39) -> 0
I43: =D14+D21+D35 -> 4902 | J43: =J41+J29+J17 -> 8331 | K43: =J43+I43 -> 13233

Sheet Czerwiec25 - wydatki
A1: \
B2: Koszty stałe Damian | H2: Koszty stałe Malwina | N2: Kolumna nr 1 | O2: Wypłaty | P2: Suma | Q2: Koszty stałe | R2: Koszty dyn. | S2: Pozostałe | T2: Podsumowanie
C3: Rodzaj | D3: Budżet | E3: Pozostało | F3: Wydano | I3: Rodzaj | J3: Budżet | K3: Pozostało | L3: Wydano | N3: Damian | O3: 5300 | P3: =Q3+R3+S3 -> 4639.5 | Q3: =D14 -> 3931 | R3: =D21 -> 608.5 | S3: =D35 -> 100 | T3: =O3-P3 -> 660.5
B4: 2 | C4: internet | D4: 85 | E4: ='Czerwiec25 - wydatki'!$D4-'Czerwiec25 - wydatki'!$F4 -> 0 | F4: 85 | H4: 1 | I4: rata | J4: 3400 | N4: Malwina | O4: 7682 | P4: =Q4+R4+S4 -> 8342.5 | Q4: =J17 -> 6035 | R4: =J29 -> 2127.5 | S4: =J41 -> 180 | T4: =O4-P4 -> -660.5
B5: 4 | C5: telefon | D5: 40 | E5: ='Czerwiec25 - wydatki'!$D5-'Czerwiec25 - wydatki'!$F5 -> 0 | F5: 40 | H5: 3 | I5: woda | J5: 130 | N5: Suma | O5: =K43=O3+O4 -> TRUE | P5: =Q5+R5+S5 -> 12982 | Q5: =Q3+Q4 -> 9966 | R5: =R3+R4 -> 2736 | S5: =S3+S4 -> 280
B6: 5 | C6: paliwo | D6: 800 | E6: ='Czerwiec25 - wydatki'!$D6-'Czerwiec25 - wydatki'!$F6 -> 182.06 | F6: =8+213+280+105+11.94 -> 617.94 | H6: 7 | I6: jedzenie | J6: 800
B7: 6 | C7: jedzenie | D7: 800 | E7: ='Czerwiec25 - wydatki'!$D7-'Czerwiec25 - wydatki'!$F7 -> 0.02 | F7: =16+9+16+20+57.82+93.21+97.12+210+40+21.53+78+26.49+12.81+102 -> 799.98 | H7: 9 | I7: smieci | J7: 140 | N7: Oszczędnościowe
B8: 8 | C8: revolut | D8: 56 | E8: ='Czerwiec25 - wydatki'!$D8-'Czerwiec25 - wydatki'!$F8 -> 0 | F8: =16+20+20 -> 56 | H8: 10 | I8: izba | J8: 65 | N8: PEKAO | O8: DOM | P8: =4230+261+318-1650+300-223+300-250+250+228 -> 3764 | Q8: po VI
B9: 12 | C9: rozne | D9: 100 | E9: ='Czerwiec25 - wydatki'!$D9-'Czerwiec25 - wydatki'!$F9 -> 0.5 | F9: =24+20.5+9+30+10+6 -> 99.5 | H9: 11 | I9: lekarz | J9: 300 | O9: NEW CAR | P9: 6660 | Q9: po VI
B10: 15 | C10: auto | D10: 500 | E10: ='Czerwiec25 - wydatki'!$D10-'Czerwiec25 - wydatki'!$F10 -> 0 | F10: 500 | H10: 13 | I10: chemia | J10: 50 | O10: GAZ | P10: =127+100 -> 227 | Q10: po VI
B11: 17 | C11: fryzjer | D11: 50 | E11: 20 | F11: =80 -> 80 | H11: 14 | I11: mieszkanie | J11: 100 | P11: =P8+P9+P10 -> 10651
B12: 21 | C12: auto new | D12: 1000 | E12: ='Czerwiec25 - wydatki'!$D12-'Czerwiec25 - wydatki'!$F12 -> 0 | F12: 1000 | H12: 16 | I12: swieta | J12: 100 | O12: auto | P12: =1510+500+500 -> 2510 | Q12: po VI
B13: 22 | C13: Kieszkonkowe D | D13: 500 | E13: ='Czerwiec25 - wydatki'!$D13-'Czerwiec25 - wydatki'!$F13 -> 4.8 | F13: =-29+25+109+26+350+10+4.2 -> 495.2 | H13: 18 | I13: fryzjer | J13: 50
C14: RAZEM | D14: =SUM(D4:D13) -> 3931 | E14: =SUM(E4:E13) -> 207.38 | F14: =SUM(F4:F13) -> 3773.62 | H14: 19 | I14: koszty roczne | J14: 350
H15: 20 | I15: konkursy | J15: 50
B16: Koszty dynamiczne Damian | H16: 23 | I16: Kieszkonkowe M | J16: 500
C17: Rodzaj | D17: Budżet | E17: Pozostało | F17: Wydano | I17: RAZEM | J17: =SUM(J4:J16) -> 6035 | K17: =SUM(K4:K16) -> 0 | L17: =SUM(L4:L16) -> 0 | O17: =5310-206+19+83+36 -> 5242
B18: 5 | C18: Gaz | D18: 300 | E18: ='Czerwiec25 - wydatki'!$D18-F18 -> 0 | F18: 300
C19: Dom | D19: 308.5 | E19: ='Czerwiec25 - wydatki'!$D19-F19 -> 0 | F19: =228.5+80 -> 308.5 | H19: Koszty dynamiczne Malwina
C20: Tv | E20: ='Czerwiec25 - wydatki'!$D20-F20 -> 0 | I20: Rodzaj | J20: Budżet | K20: Pozostało | L20: Wydano
C21: RAZEM | D21: =SUM(D18:D20) -> 608.5 | E21: =SUM(E18:E20) -> 0 | F21: =SUM(F18:F20) -> 608.5 | H21: 6 | I21: Przedszkole | J21: 1027.5
H22: 13 | I22: Dzieci | J22: 200
B23: Pozostałe Damian | H23: 14 | I23: Apteka | J23: 100
C24: Rodzaj | D24: Budżet | E24: Pozostało | F24: Wydano | I24: Implant
B25: 8 | C25: Woda | D25: 50 | E25: =D25-F25 -> 0 | F25: 50 | I25: Eris
C26: Zaległości | D26: 0 | E26: =D26-F26 -> 0 | H26: 21 | I26: Wakacje | J26: 300
C27: Youtube | D27: 0 | E27: =D27-F27 -> 0 | H27: 25 | I27: Zabawowe | J27: 500
B28: 23 | C28: Prąd | D28: 0 | E28: =D28-F28 -> 0 | I28: Kwiaty
C29: Wojtek | D29: 0 | E29: =D29-F29 -> 0 | I29: RAZEM | J29: =SUM(J21:J28) -> 2127.5 | K29: =SUM(K21:K27) -> 0 | L29: =SUM(L21:L27) -> 0
C30: Truskawki | D30: 50 | E30: =D30-F30 -> 0 | F30: =29+21 -> 50
H31: Pozostałe Malwina
I32: Rodzaj | J32: Budżet | K32: Pozostało | L32: Wydano
H33: 22 | I33: Podatek
I34: Dzień dziadków
C35: RAZEM | D35: =SUM(D25:D34) -> 100 | E35: =SUM(E25:E34) -> 0 | F35: =SUM(F25:F30) -> 100 | H35: 20 | I35: Maja lutcza | J35: 50
H36: 24 | I36: Anglia
C37: pozostało I | E37: =E14+E21+E35 -> 207.38 | I37: prezent Olek | J37: 80
C38: pozostało XII | H38: 26 | I38: Szczoteczki
C39: Total | E39: =E37+E38 -> 207.38 | I39: ksiazki | J39: 50
I40: tort
I41: RAZEM | J41: =SUM(J33:J40) -> 180 | K41: =SUM(K33:K39) -> 0 | L41: =SUM(L33:L39) -> 0
I43: =D14+D21+D35 -> 4639.5 | J43: =J41+J29+J17 -> 8342.5 | K43: =J43+I43 -> 12982

Sheet Maj25 - wydatki
A1: \
B2: Koszty stałe Damian | H2: Koszty stałe Malwina | N2: Kolumna nr 1 | O2: Wypłaty | P2: Suma | Q2: Koszty stałe | R2: Koszty dyn. | S2: Pozostałe | T2: Podsumowanie
C3: Rodzaj | D3: Budżet | E3: Pozostało | F3: Wydano | I3: Rodzaj | J3: Budżet | K3: Pozostało | L3: Wydano | N3: Damian | O3: =5394+19+36+83 -> 5532 | P3: =Q3+R3+S3 -> 4599 | Q3: =D14 -> 3867 | R3: =D21 -> 683 | S3: =D35 -> 49 | T3: =O3-P3 -> 933
B4: 2 | C4: internet | D4: 85 | E4: ='Maj25 - wydatki'!$D4-F4 -> 0 | F4: 85 | H4: 1 | I4: rata | J4: 3105 | N4: Malwina | O4: =5431+2200+84+100 -> 7815 | P4: =Q4+R4+S4 -> 8748 | Q4: =J17 -> 5812 | R4: =J29 -> 2015 | S4: =J41 -> 921 | T4: =O4-P4 -> -933
B5: 4 | C5: telefon | D5: 40 | E5: ='Maj25 - wydatki'!$D5-F5 -> 0 | F5: 40 | H5: 3 | I5: woda | J5: 130 | N5: Suma | O5: =K43=O3+O4 -> TRUE | P5: =Q5+R5+S5 -> 13347 | Q5: =Q3+Q4 -> 9679 | R5: =R3+R4 -> 2698 | S5: =S3+S4 -> 970
B6: 5 | C6: paliwo | D6: 700 | E6: ='Maj25 - wydatki'!$D6-F6 -> 0 | F6: =206+109+305+80 -> 700 | H6: 7 | I6: jedzenie | J6: 800
B7: 6 | C7: jedzenie | D7: 800 | E7: ='Maj25 - wydatki'!$D7-F7 -> 0.22 | F7: =5.5+25+6.32+72.65+22.01+65.56+25+65.2+21.7+165-15+24+124+9.49+118+27+38.35 -> 799.78 | H7: 9 | I7: smieci | J7: 128 | N7: Oszczędnościowe
B8: 8 | C8: revolut | D8: 56 | E8: ='Maj25 - wydatki'!$D8-F8 -> 0 | F8: 56 | H8: 10 | I8: izba | J8: 65 | N8: PEKAO | O8: DOM | P8: =4230+261+318-1650+300-223+300-250 -> 3286 | Q8: po V | R8: oddaj 250 jeśli garnik dla J
B9: 12 | C9: rozne | D9: =100+36 -> 136 | E9: ='Maj25 - wydatki'!$D9-F9 -> 0 | F9: =30+29+7+16+10+44 -> 136 | H9: 11 | I9: lekarz | J9: 300 | O9: NEW CAR | P9: 5660 | Q9: po V
B10: 15 | C10: auto | D10: 500 | E10: ='Maj25 - wydatki'!$D10-F10 -> 0 | F10: 500 | H10: 13 | I10: chemia | J10: 134 | O10: GAZ | P10: 127 | Q10: po V
B11: 17 | C11: fryzjer | D11: 50 | E11: ='Maj25 - wydatki'!$D11-F11 -> 50 | H11: 14 | I11: mieszkanie | J11: 100 | P11: =P8+P9+P10 -> 9073
B12: 21 | C12: auto new | D12: 1000 | E12: ='Maj25 - wydatki'!$D12-F12 -> 0 | F12: 1000 | H12: 16 | I12: swieta | J12: 100 | O12: auto | P12: =1510+500 -> 2010 | Q12: po V
B13: 22 | C13: Kieszkonkowe D | D13: 500 | E13: ='Maj25 - wydatki'!$D13-F13 -> 29 | F13: =171+300 -> 471 | H13: 18 | I13: fryzjer | J13: 50
C14: RAZEM | D14: =SUM(D4:D13) -> 3867 | E14: =SUM(E4:E13) -> 79.22 | F14: =SUM(F4:F13) -> 3787.78 | H14: 19 | I14: koszty roczne | J14: 350
H15: 20 | I15: konkursy | J15: 50
B16: Koszty dynamiczne Damian | H16: 23 | I16: Kieszkonkowe M | J16: 500
C17: Rodzaj | D17: Budżet | E17: Pozostało | F17: Wydano | I17: RAZEM | J17: =SUM(J4:J16) -> 5812 | K17: =SUM(K4:K16) -> 0 | L17: =SUM(L4:L16) -> 0 | O17: =5310-206+19+83+36 -> 5242
B18: 5 | C18: Gaz | D18: =300+83 -> 383 | E18: =D18-F18 -> 0 | F18: =256+127 -> 383
C19: Dom | D19: 300 | E19: =D19-F19 -> 0 | F19: 300 | H19: Koszty dynamiczne Malwina
C20: Tv | E20: =D20-F20 -> 0 | I20: Rodzaj | J20: Budżet | K20: Pozostało | L20: Wydano
C21: RAZEM | D21: =SUM(D18:D20) -> 683 | E21: =SUM(E18:E20) -> 0 | F21: =SUM(F18:F20) -> 683 | H21: 6 | I21: Przedszkole | J21: 1071
H22: 13 | I22: Dzieci | J22: 220
B23: Pozostałe Damian | H23: 14 | I23: Apteka | J23: 124
C24: Rodzaj | D24: Budżet | E24: Pozostało | F24: Wydano | I24: Implant
B25: 8 | C25: Woda | D25: =30+19 -> 49 | E25: =D25-F25 -> 0 | F25: =22+15+12 -> 49 | I25: Eris
C26: Zaległości | D26: 0 | E26: =D26-F26 -> 0 | H26: 21 | I26: Wakacje | J26: 300
C27: Youtube | D27: 0 | E27: =D27-F27 -> 0 | H27: 25 | I27: Zabawowe | J27: 300
B28: 23 | C28: Prąd | D28: 0 | E28: =D28-F28 -> 0 | I28: Kwiaty
C29: Wojtek | D29: 0 | E29: =D29-F29 -> 0 | I29: RAZEM | J29: =SUM(J21:J28) -> 2015 | K29: =SUM(K21:K27) -> 0 | L29: =SUM(L21:L27) -> 0
H31: Pozostałe Malwina
I32: Rodzaj | J32: Budżet | K32: Pozostało | L32: Wydano
H33: 22 | I33: Podatek | J33: 90
I34: Dzień dziadków | J34: 0
C35: RAZEM | D35: =SUM(D25:D34) -> 49 | E35: =SUM(E25:E34) -> 0 | F35: =SUM(F25:F30) -> 49 | H35: 20 | I35: Maja lutcza | J35: 50
H36: 24 | I36: Anglia | J36: 300
C37: pozostało I | E37: =E14+E21+E35 -> 79.22 | I37: słowacja | J37: 231
C38: pozostało XII | H38: 26 | I38: Szczoteczki
C39: Total | E39: =E37+E38 -> 79.22 | I39: ksiazki | J39: 50
I40: tort | J40: 200
I41: RAZEM | J41: =SUM(J33:J40) -> 921 | K41: =SUM(K33:K39) -> 0 | L41: =SUM(L33:L39) -> 0
I43: =D14+D21+D35 -> 4599 | J43: =J41+J29+J17 -> 8748 | K43: =J43+I43 -> 13347

Sheet Marzec25 - wydatki
A1: \
B2: Koszty stałe Damian | H2: Koszty stałe Malwina | N2: Kolumna nr 1 | O2: Wypłaty | P2: Suma | Q2: Koszty stałe | R2: Koszty dyn. | S2: Pozostałe | T2: Podsumowanie
C3: Rodzaj | D3: Budżet | E3: Pozostało | F3: Wydano | I3: Rodzaj | J3: Budżet | K3: Pozostało | L3: Wydano | N3: Damian | O3: 5110 | P3: =Q3+R3+S3 -> 4497 | Q3: =D14 -> 4031 | R3: =D21 -> 366 | S3: =D35 -> 100 | T3: =O3-P3 -> 613
B4: 2 | C4: internet | D4: 85 | E4: =D4-F4 -> 0 | F4: 85 | H4: 1 | I4: rata | J4: 3102 | N4: Malwina | O4: 8013 | P4: =Q4+R4+S4 -> 8626 | Q4: =J17 -> 5725 | R4: =J29 -> 2090 | S4: =J41 -> 811 | T4: =O4-P4 -> -613
B5: 4 | C5: telefon | D5: 40 | E5: =D5-F5 -> 0 | F5: 40 | H5: 3 | I5: woda | J5: 130 | N5: Suma | O5: =E27=O3+O4 -> FALSE | P5: =Q5+R5+S5 -> 13123 | Q5: =Q3+Q4 -> 9756 | R5: =R3+R4 -> 2456 | S5: =S3+S4 -> 911
B6: 5 | C6: paliwo | D6: 800 | E6: =D6-F6 -> 75 | F6: =262+250+93+120 -> 725 | H6: 7 | I6: jedzenie | J6: 800
B7: 6 | C7: jedzenie | D7: 900 | E7: =D7-F7 -> 0.35 | F7: =8.85+29.65+105.83+46.17+2+2+2+51.27+103.08+16.37+46.79+73.37+7.98+66.65+37.79+78.03+12.97+5.99+67.61+126+14.47+6.57+21.21-33 -> 899.65 | H7: 9 | I7: smieci | J7: 128 | N7: Oszczędnościowe
B8: 8 | C8: revolut | D8: 56 | E8: =D8-F8 -> 0 | F8: 56 | H8: 10 | I8: izba | J8: 65 | N8: PEKAO | O8: DOM | P8: =4230+261+318 -> 4809 | Q8: po I
B9: 12 | C9: rozne | D9: 100 | E9: =D9-F9 -> 2 | F9: =10+28+49+11 -> 98 | H9: 11 | I9: lekarz | J9: 300 | O9: NEW CAR | P9: 3660 | Q9: po II
B10: 15 | C10: auto | D10: 500 | E10: =D10-F10 -> 0 | F10: 500 | H10: 13 | I10: chemia | J10: 50 | P10: =P8+P9 -> 8469
B11: 17 | C11: fryzjer | D11: 50 | E11: =D11-F11 -> 15 | F11: 35 | H11: 14 | I11: mieszkanie | J11: 100
B12: 21 | C12: auto new | D12: 1000 | E12: =D12-F12 -> 0 | F12: 1000 | H12: 16 | I12: swieta | J12: 100
B13: 22 | C13: Kieszkonkowe D | D13: 500 | E13: =D13-F13 -> 0 | F13: =431+18+51 -> 500 | H13: 18 | I13: fryzjer | J13: 50
C14: RAZEM | D14: =SUM(D4:D13) -> 4031 | E14: =SUM(E4:E13) -> 92.35 | F14: =SUM(F4:F13) -> 3938.65 | H14: 19 | I14: koszty roczne | J14: 350
H15: 20 | I15: konkursy | J15: 50
B16: Koszty dynamiczne Damian | H16: 23 | I16: Kieszkonkowe M | J16: 500
C17: Rodzaj | D17: Budżet | E17: Pozostało | F17: Wydano | I17: RAZEM | J17: =SUM(J4:J16) -> 5725 | K17: =SUM(K4:K16) -> 0 | L17: =SUM(L4:L16) -> 0
B18: 5 | C18: Gaz | D18: 316 | E18: =D18-F18 -> 0 | F18: 316
C19: Dom | D19: 50 | E19: =D19-F19 -> 0 | F19: =50 -> 50 | H19: Koszty dynamiczne Malwina
C20: Tv | E20: =D20-F20 -> 0 | I20: Rodzaj | J20: Budżet | K20: Pozostało | L20: Wydano
C21: RAZEM | D21: =SUM(D18:D20) -> 366 | E21: =SUM(E18:E20) -> 0 | F21: =SUM(F18:F20) -> 366 | H21: 6 | I21: Przedszkole | J21: 1071
H22: 13 | I22: Dzieci | J22: 200
B23: Pozostałe Damian | H23: 14 | I23: Apteka | J23: 200 | P23: =57+31+35.75+20.35+46 -> 190.1
C24: Rodzaj | D24: Budżet | E24: Pozostało | F24: Wydano | I24: Implant | J24: 0
B25: 8 | C25: Woda | D25: 50 | E25: =D25-F25 -> 0 | F25: =20+15+15 -> 50 | I25: Eris | J25: 0
C26: Zaległości | D26: 0 | E26: =D26-F26 -> 0 | H26: 21 | I26: Wakacje | J26: 300
C27: Youtube | D27: 0 | E27: =D27-F27 -> 0 | H27: 25 | I27: Zabawowe | J27: 319
B28: 23 | C28: Prąd | D28: 0 | E28: =D28-F28 -> 0 | I28: Kwiaty | J28: 0
C29: Wojtek | D29: 50 | E29: =D29-F29 -> 42 | F29: 8 | I29: RAZEM | J29: =SUM(J21:J28) -> 2090 | K29: =SUM(K21:K27) -> 0 | L29: =SUM(L21:L27) -> 0
H31: Pozostałe Malwina
I32: Rodzaj | J32: Budżet | K32: Pozostało | L32: Wydano
H33: 22 | I33: Podatek | J33: 47
I34: Dzień dziadków | J34: 0
C35: RAZEM | D35: =SUM(D25:D34) -> 100 | E35: =SUM(E25:E34) -> 42 | F35: =SUM(F25:F27) -> 50 | H35: 20 | I35: Maja lutcza | J35: 50
H36: 24 | I36: Anglia | J36: 300
C37: pozostało I | E37: =E14+E21+E35 -> 134.35 | I37: Olej | J37: 38
C38: pozostało XII | H38: 26 | I38: Szczoteczki | J38: 0
C39: Total | E39: =E37+E38 -> 134.35 | I39: Gabi | J39: 96
I40: Uro Mai | J40: 280
I41: RAZEM | J41: =SUM(J33:J40) -> 811 | K41: =SUM(K33:K39) -> 0 | L41: =SUM(L33:L39) -> 0

Sheet Luty25 - wydatki
A1: \
B2: Koszty stałe Damian | H2: Koszty stałe Malwina | N2: Kolumna nr 1 | O2: Wypłaty | P2: Suma | Q2: Koszty stałe | R2: Koszty dyn. | S2: Pozostałe | T2: Podsumowanie
C3: Rodzaj | D3: Budżet | E3: Pozostało | F3: Wydano | I3: Rodzaj | J3: Budżet | K3: Pozostało | L3: Wydano | N3: Damian | O3: 5350 | P3: =Q3+R3+S3 -> 4565 | Q3: =D14 -> 4081 | R3: =D21 -> 300 | S3: =D35 -> 184 | T3: =O3-P3 -> 785
B4: 2 | C4: internet | D4: 85 | E4: =D4-F4 -> 0 | F4: =25+60 -> 85 | H4: 1 | I4: rata | J4: 3102 | N4: Malwina | O4: 7480 | P4: =Q4+R4+S4 -> 8264 | Q4: =J17 -> 5719 | R4: =J29 -> 2035 | S4: =J41 -> 510 | T4: =O4-P4 -> -784
B5: 4 | C5: telefon | D5: 40 | E5: =D5-F5 -> 0 | F5: =40 -> 40 | H5: 3 | I5: woda | J5: 130 | N5: Suma | O5: =E27=O3+O4 -> FALSE | P5: =Q5+R5+S5 -> 12829 | Q5: =Q3+Q4 -> 9800 | R5: =R3+R4 -> 2335 | S5: =S3+S4 -> 694
B6: 5 | C6: paliwo | D6: 800 | E6: =D6-F6 -> 0 | F6: =220+320+125+135 -> 800 | H6: 7 | I6: jedzenie | J6: 794
B7: 6 | C7: jedzenie | D7: 800 | E7: =D7-F7 -> -0.07 | F7: =26.56+114.51+6.99+9.9+6.33+57.52+51.38+146.36+40.83+31.5+43.09+50.77+19.53+14.7+15.42+9.72+17.5+10.68+104.81+14.97+7 -> 800.07 | H7: 9 | I7: smieci | J7: 128 | N7: Oszczędnościowe
B8: 8 | C8: revolut | D8: 56 | E8: =D8-F8 -> 0 | F8: 56 | H8: 10 | I8: izba | J8: 65 | N8: PEKAO | O8: DOM | P8: =4230+261+318 -> 4809 | Q8: po I
B9: 12 | C9: rozne | D9: 100 | E9: =D9-F9 -> 0 | F9: =10+4+22+7+28+7.5+21.5 -> 100 | H9: 11 | I9: lekarz | J9: 300 | O9: NEW CAR | P9: 2670 | Q9: po II
B10: 15 | C10: auto | D10: 600 | E10: =D10-F10 -> 0 | F10: 600 | H10: 13 | I10: chemia | J10: 50 | P10: =P8+P9 -> 7479
B11: 17 | C11: fryzjer | D11: 50 | E11: =D11-F11 -> 20 | F11: =30 -> 30 | H11: 14 | I11: mieszkanie | J11: 100
B12: 21 | C12: auto new | D12: 1000 | E12: =D12-F12 -> 0 | F12: 1000 | H12: 16 | I12: swieta | J12: 100
B13: 22 | C13: Kieszkonkowe D | D13: 550 | E13: =D13-F13 -> -18.44 | F13: =135+300+7.44+126 -> 568.44 | H13: 18 | I13: fryzjer | J13: 50
C14: RAZEM | D14: =SUM(D4:D13) -> 4081 | E14: =SUM(E4:E13) -> 1.49 | F14: =SUM(F4:F13) -> 4079.51 | H14: 19 | I14: koszty roczne | J14: 350
H15: 20 | I15: konkursy | J15: 50 | K15: 10
B16: Koszty dynamiczne Damian | H16: 23 | I16: Kieszkonkowe M | J16: 500
C17: Rodzaj | D17: Budżet | E17: Pozostało | F17: Wydano | I17: RAZEM | J17: =SUM(J4:J16) -> 5719 | K17: =SUM(K4:K16) -> 10 | L17: =SUM(L4:L16) -> 0
B18: 5 | C18: Gaz | D18: 300 | E18: =D18-F18 -> 0 | F18: 300
C19: Dom | D19: 0 | E19: =D19-F19 -> 0 | H19: Koszty dynamiczne Malwina
C20: Tv | E20: =D20-F20 -> 0 | I20: Rodzaj | J20: Budżet | K20: Pozostało | L20: Wydano
C21: RAZEM | D21: =SUM(D18:D20) -> 300 | E21: =SUM(E18:E20) -> 0 | F21: =SUM(F18:F20) -> 300 | H21: 6 | I21: Przedszkole | J21: 1085 | P21: malwina +10zł
H22: 13 | I22: Dzieci | J22: 200
B23: Pozostałe Damian | H23: 14 | I23: Apteka | J23: 150
C24: Rodzaj | D24: Budżet | E24: Pozostało | F24: Wydano | I24: Implant | J24: 0
B25: 8 | C25: Woda | D25: 50 | E25: =D25-F25 -> 0 | F25: =10+10+15+15 -> 50 | I25: Eris | J25: 0
C26: Zaległości | H26: 21 | I26: Wakacje | J26: 300
C27: Youtube | H27: 25 | I27: Zabawowe | J27: 300
B28: 23 | C28: Prąd | D28: 134 | E28: 0 | F28: 134 | I28: Kwiaty | J28: 0
I29: RAZEM | J29: =SUM(J21:J28) -> 2035 | K29: =SUM(K21:K27) -> 0 | L29: =SUM(L21:L27) -> 0
H31: Pozostałe Malwina
I32: Rodzaj | J32: Budżet | K32: Pozostało | L32: Wydano
H33: 22 | I33: Podatek | J33: 90
I34: Dzień dziadków | J34: 0
C35: RAZEM | D35: =SUM(D25:D34) -> 184 | E35: =SUM(E25:E34) -> 0 | F35: =SUM(F25:F27) -> 50 | H35: 20 | I35: Maja lutcza | J35: 50
H36: 24 | I36: Anglia | J36: 300
C37: pozostało I | E37: =E14+E21+E35 -> 1.49 | I37: Prezent Karola | J37: 0
C38: pozostało XII | H38: 26 | I38: Szczoteczki | J38: 70
C39: Total | E39: =E37+E38 -> 1.49
I41: RAZEM | J41: =SUM(J33:J40) -> 510 | K41: =SUM(K33:K39) -> 0 | L41: =SUM(L33:L39) -> 0

Sheet Styczeń25 - wydatki
B2: Koszty stałe Damian | H2: Koszty stałe Malwina | N2: Kolumna nr 1 | O2: Wypłaty | P2: Suma | Q2: Koszty stałe | R2: Koszty dyn. | S2: Pozostałe | T2: Podsumowanie
C3: Rodzaj | D3: Budżet | E3: Pozostało | F3: Wydano | I3: Rodzaj | J3: Budżet | K3: Pozostało | L3: Wydano | N3: Damian | O3: 5050 | P3: =Q3+R3+S3 -> 4609 | Q3: =D14 -> 3631 | R3: =D21 -> 750 | S3: =D35 -> 228 | T3: =O3-P3 -> 441
B4: 2 | C4: internet | D4: 85 | E4: =D4-F4 -> 0 | F4: 85 | H4: 1 | I4: rata | J4: 3102 | N4: Malwina | O4: 9218 | P4: =Q4+R4+S4 -> 9659 | Q4: =J17 -> 5877 | R4: =J29 -> 2529 | S4: =J41 -> 1253 | T4: =O4-P4 -> -441
B5: 4 | C5: telefon | D5: 40 | E5: =D5-F5 -> 0 | F5: 40 | H5: 3 | I5: woda | J5: 130 | N5: Suma | O5: =E27=O3+O4 -> FALSE | P5: =Q5+R5+S5 -> 14268 | Q5: =Q3+Q4 -> 9508 | R5: =R3+R4 -> 3279 | S5: =S3+S4 -> 1481
B6: 5 | C6: paliwo | D6: 700 | E6: =D6-F6 -> 0 | F6: =150+125+335+90 -> 700 | H6: 7 | I6: jedzenie | J6: 802
B7: 6 | C7: jedzenie | D7: 800 | E7: =D7-F7 -> 0 | F7: =26.92+145.85+50.82+50+77.3+3.45+6.6+12.52+28.22+23.19+30.6+14.86+80.27+126+34.22+1.51+44.78+43-0.11 -> 800 | H7: 9 | I7: smieci | J7: 128 | N7: Oszczędnościowe
B8: 8 | C8: revolut | D8: 56 | E8: =D8-F8 -> 0 | F8: 56 | H8: 10 | I8: izba | J8: 65 | N8: PEKAO | O8: DOM | P8: =4230+261 -> 4491 | Q8: po XII
B9: 12 | C9: rozne | D9: 100 | E9: =D9-F9 -> 0 | F9: =10+30+8+28+20+4 -> 100 | H9: 11 | I9: lekarz | J9: 300 | O9: NEW CAR | P9: 1670 | Q9: po I
B10: 15 | C10: auto | D10: 300 | E10: =D10-F10 -> 0 | F10: 300 | H10: 13 | I10: chemia | J10: 50 | P10: =P8+P9 -> 6161
B11: 17 | C11: fryzjer | D11: 50 | E11: =D11-F11 -> 15 | F11: 35 | H11: 14 | I11: mieszkanie | J11: 100
B12: 21 | C12: auto new | D12: 1000 | E12: =D12-F12 -> 0 | F12: 1000 | H12: 16 | I12: swieta | J12: 100
B13: 22 | C13: Kieszkonkowe D | D13: 500 | E13: =D13-F13 -> 0 | F13: =300+200 -> 500 | H13: 18 | I13: fryzjer | J13: 50
C14: RAZEM | D14: =SUM(D4:D13) -> 3631 | E14: =SUM(E4:E13) -> 15 | F14: =SUM(F4:F13) -> 3616 | H14: 19 | I14: koszty roczne | J14: 350
H15: 20 | I15: konkursy | J15: 50
B16: Koszty dynamiczne Damian | H16: 23 | I16: Kieszkonkowe M | J16: 650
C17: Rodzaj | D17: Budżet | E17: Pozostało | F17: Wydano | I17: RAZEM | J17: =SUM(J4:J16) -> 5877 | K17: =SUM(K4:K16) -> 0 | L17: =SUM(L4:L16) -> 0
C18: Gaz | D18: 300 | E18: =D18-F18 -> 0 | F18: 300
C19: Dom | D19: 450 | E19: =D19-F19 -> 318 | F19: =85+47 -> 132 | H19: Koszty dynamiczne Malwina
C20: Tv | E20: =D20-F20 -> 0 | F20: 0 | I20: Rodzaj | J20: Budżet | K20: Pozostało | L20: Wydano
C21: RAZEM | D21: =SUM(D18:D20) -> 750 | E21: =SUM(E18:E20) -> 318 | F21: =SUM(F18:F20) -> 432 | I21: Przedszkole | J21: 1071
I22: Dzieci | J22: 200
B23: Pozostałe Damian | I23: Apteka | J23: 100
C24: Rodzaj | D24: Budżet | E24: Pozostało | F24: Wydano | I24: Implant | J24: 0
C25: Woda | D25: 50 | E25: =D25-F25 -> 0 | F25: =11+20+19 -> 50 | I25: Eris | J25: 500
C26: Zaległości | D26: 78 | E26: =D26-F26 -> 0 | F26: 78 | I26: Wakacje | J26: 298
C27: Youtube | D27: 100 | E27: ='Styczeń25 - wydatki'!$D27-'Styczeń25 - wydatki'!$F27 -> 0 | F27: 100 | I27: Zabawowe | J27: 360
I28: Kwiaty | J28: 0
I29: RAZEM | J29: =SUM(J21:J28) -> 2529 | K29: =SUM(K21:K27) -> 0 | L29: =SUM(L21:L27) -> 0
H31: Pozostałe Malwina
I32: Rodzaj | J32: Budżet | K32: Pozostało | L32: Wydano
I33: Podatek | J33: 0
I34: Dzień dziadków | J34: 150
C35: RAZEM | D35: =SUM(D25:D27) -> 228 | E35: =SUM(E25:E27) -> 0 | F35: =SUM(F25:F27) -> 228 | I35: Maja lutcza | J35: 50
I36: Anglia | J36: 900
C37: pozostało I | D37: =D14+D21+D35 -> 4609 | E37: =E14+E21+E35 -> 333 | I37: Prezent Karola | J37: 153
C38: pozostało XII | E38: 0
C39: Total | E39: =E37+E38 -> 333
I41: RAZEM | J41: =SUM(J33:J40) -> 1253 | K41: =SUM(K33:K39) -> 0 | L41: =SUM(L33:L39) -> 0

Sheet Grudzień24 - wydatki
B2: Koszty stałe Damian | H2: Koszty stałe Malwina | N2: Kolumna nr 1 | O2: Wypłaty | P2: Suma | Q2: Koszty stałe | R2: Koszty dyn. | S2: Pozostałe | T2: Podsumowanie
C3: Rodzaj | D3: Budżet | E3: Pozostało | F3: Wydano | I3: Rodzaj | J3: Budżet | K3: Pozostało | L3: Wydano | N3: Damian | O3: 5300 | P3: =Q3+R3+S3 -> 5001 | Q3: =D14 -> 3731 | R3: =D21 -> 950 | S3: =D35 -> 320 | T3: =O3-P3 -> 299
B4: 2 | C4: internet | D4: 85 | E4: =D4-F4 -> 0 | F4: =60+25 -> 85 | H4: 1 | I4: rata | J4: 3102 | N4: Malwina | O4: 8907 | P4: =Q4+R4+S4 -> 9205 | Q4: =J17 -> 5925 | R4: =J29 -> 3280 | S4: =J41 -> 0 | T4: =O4-P4 -> -298
B5: 4 | C5: telefon | D5: 40 | E5: =D5-F5 -> 0 | F5: 40 | H5: 3 | I5: woda | J5: 130 | N5: Suma | O5: =O3+O4 -> 14207 | P5: =Q5+R5+S5 -> 14206 | Q5: =Q3+Q4 -> 9656 | R5: =R3+R4 -> 4230 | S5: =S3+S4 -> 320
B6: 5 | C6: paliwo | D6: 800 | E6: =D6-F6 -> 0 | F6: =340+105+120+235 -> 800 | H6: 7 | I6: jedzenie | J6: 800
B7: 6 | C7: jedzenie | D7: 800 | E7: =D7-F7 -> -0.07 | F7: =107+5.98+18.11+29.6+21.86+26+11.51+3.32+16.68+54.1+18.23+4.99+38.39+6.78+8.58+27.76+93.87+44.85+10.5+10.32+41.61+13.72+105+40.11+35.49+16.39+26.95+19.4+20.97-78 -> 800.07 | H7: 9 | I7: smieci | J7: 128 | N7: Oszczędnościowe
B8: 8 | C8: revolut | D8: 56 | E8: =D8-F8 -> 0 | F8: 56 | H8: 10 | I8: izba | J8: 65 | N8: PEKAO | O8: DOM | P8: =4230+261 -> 4491 | Q8: po XI
B9: 12 | C9: rozne | D9: 100 | E9: =D9-F9 -> 0 | F9: =25+26+25+14+10 -> 100 | H9: 11 | I9: lekarz | J9: 300 | O9: NEW CAR | P9: 1000 | Q9: po XII
B10: 15 | C10: auto | D10: 300 | E10: =D10-F10 -> 0 | F10: 300 | H10: 13 | I10: chemia | J10: 50
B11: 17 | C11: fryzjer | D11: 50 | E11: =D11-F11 -> 0 | F11: 50 | H11: 14 | I11: mieszkanie | J11: 100
B12: 21 | C12: auto new | D12: 1000 | E12: =D12-F12 -> 0 | F12: 1000 | H12: 16 | I12: swieta | J12: 100
B13: 22 | C13: Kieszkonkowe D | D13: 500 | E13: =D13-F13 -> 0 | F13: =53+240+20+20+55+29+19-27-17+5+103 -> 500 | H13: 18 | I13: fryzjer | J13: 50
C14: RAZEM | D14: =SUM(D4:D13) -> 3731 | E14: =SUM(E4:E13) -> -0.07 | F14: =SUM(F4:F13) -> 3731.07 | H14: 19 | I14: koszty roczne | J14: 350
H15: 20 | I15: konkursy | J15: 50
B16: Koszty dynamiczne Damian | H16: 23 | I16: Kieszkonkowe M | J16: 700
C17: Rodzaj | D17: Budżet | E17: Pozostało | F17: Wydano | I17: RAZEM | J17: =SUM(J4:J16) -> 5925 | K17: =SUM(K4:K16) -> 0 | L17: =SUM(L4:L16) -> 0
C18: Gaz | D18: 400 | E18: =D18-F18 -> 0 | F18: 400
C19: Dom | D19: 450 | E19: =D19-F19 -> 0 | F19: 450 | H19: Koszty dynamiczne Malwina
C20: Tv | D20: 100 | E20: =D20-F20 -> 0 | F20: 100 | I20: Rodzaj | J20: Budżet | K20: Pozostało | L20: Wydano
C21: RAZEM | D21: =SUM(D18:D20) -> 950 | E21: =SUM(E18:E20) -> 0 | F21: =SUM(F18:F20) -> 950 | I21: Przedszkole | J21: 1056
I22: Dzieci | J22: 300
B23: Pozostałe Damian | I23: Apteka | J23: 124
C24: Rodzaj | D24: Budżet | E24: Pozostało | F24: Wydano | I24: Implant | J24: 400
C25: Cookido | D25: 200 | E25: =D25-F25 -> 0 | F25: 200 | I25: Eris | J25: 500
C26: Mikołaj | D26: 40 | E26: =D26-F26 -> 0 | F26: 40 | I26: Wakacje | J26: 500
C27: Wieniec | D27: 80 | E27: =D27-F27 -> 0 | F27: 80 | I27: Zabawowe | J27: 400
I28: Kwiaty | J28: 0
I29: RAZEM | J29: =SUM(J21:J28) -> 3280 | K29: =SUM(K21:K27) -> 0 | L29: =SUM(L21:L27) -> 0
H31: Pozostałe Malwina
I32: Rodzaj | J32: Budżet | K32: Pozostało | L32: Wydano
I33: Podatek | J33: 0
C35: RAZEM | D35: =SUM(D25:D27) -> 320 | E35: =SUM(E25:E27) -> 0 | F35: =SUM(F25:F27) -> 320
C37: pozostało XII | E37: =E14+E21+E35 -> -0.07
C38: pozostało XI | E38: 0 | F38: fryz
C39: Total | E39: =E37+E38 -> -0.07
I41: RAZEM | J41: =SUM(J33:J40) -> 0 | K41: =SUM(K33:K39) -> 0 | L41: =SUM(L33:L39) -> 0

Sheet Szablon
B2: Koszty stałe Damian | H2: Koszty stałe Malwina | N2: Kolumna nr 1 | O2: Wypłaty | P2: Suma | Q2: Koszty stałe | R2: Koszty dyn. | S2: Pozostałe | T2: Podsumowanie
C3: Rodzaj | D3: Budżet | E3: Pozostało | F3: Wydano | I3: Rodzaj | J3: Budżet | K3: Pozostało | L3: Wydano | N3: Damian | Q3: =D14 -> 3731 | T3: =O3-P3 -> 0
B4: 2 | C4: internet | D4: 85 | H4: 1 | I4: rata | J4: 3102 | N4: Malwina | Q4: =J17 -> 5925 | T4: =O4-P4 -> 0
B5: 4 | C5: telefon | D5: 40 | H5: 3 | I5: woda | J5: 130 | N5: Suma | O5: =O3+O4 -> 0 | P5: =Q5+R5+S5 -> 9656 | Q5: =Q3+Q4 -> 9656 | R5: =R3+R4 -> 0 | S5: =S3+S4 -> 0
B6: 5 | C6: paliwo | D6: 800 | H6: 7 | I6: jedzenie | J6: 800
B7: 6 | C7: jedzenie | D7: 800 | H7: 9 | I7: smieci | J7: 128
B8: 8 | C8: revolut | D8: 56 | H8: 10 | I8: izba | J8: 65
B9: 12 | C9: rozne | D9: 100 | H9: 11 | I9: lekarz | J9: 300
B10: 15 | C10: auto | D10: 300 | H10: 13 | I10: chemia | J10: 50
B11: 17 | C11: fryzjer | D11: 50 | H11: 14 | I11: mieszkanie | J11: 100
B12: 21 | C12: auto new | D12: 1000 | H12: 16 | I12: swieta | J12: 100
B13: 22 | C13: Kieszkonkowe D | D13: 500 | H13: 18 | I13: fryzjer | J13: 50
C14: RAZEM | D14: =SUM(D4:D13) -> 3731 | H14: 19 | I14: koszty roczne | J14: 350
H15: 20 | I15: konkursy | J15: 50
B16: Koszty dynamiczne Damian | H16: 23 | I16: Kieszkonkowe M | J16: 700
C17: Rodzaj | D17: Budżet | E17: Pozostało | F17: Wydano | I17: RAZEM | J17: =SUM(J4:J16) -> 5925 | K17: =SUM(K4:K16) -> 0 | L17: =SUM(L4:L16) -> 0
C18: Gaz
C19: Dom | H19: Koszty dynamiczne Malwina
C20: Tv | I20: Rodzaj | J20: Budżet | K20: Pozostało | L20: Wydano
C21: RAZEM | I21: Przedszkole
I22: Dzieci
B23: Pozostałe Damian | I23: Apteka
C24: Rodzaj | D24: Budżet | E24: Pozostało | F24: Wydano | I24: Implant
C25: Cookido | I25: Eris
C26: Mikołaj | I26: Wakacje
C27: Wieniec | I27: Zabawowe
I28: Kwiaty
I29: RAZEM
H31: Pozostałe Malwina
I32: Rodzaj | J32: Budżet | K32: Pozostało | L32: Wydano
I33: Podatek
C35: RAZEM
I41: RAZEM

Sheet Listopad - wydatki
A1: Koszty stałe Damian | G1: Koszty stałe Malwina
A2: Bank | B2: Rodzaj | C2: Budżet | D2: Pozostało | E2: Wydano | G2: Bank | H2: Rodzaj | I2: Budżet | J2: Pozostało | K2: Wydano | N2: Wypłata | O2: Koszty stałe | P2: Jedzenie | Q2: Dodatki | R2: pozostało
B3: Internet | C3: 85 | D3: =('Listopad - wydatki'!$C3-'Listopad - wydatki'!$E3) -> 0 | E3: 85 | H3: Rata | I3: 3100 | J3: =('Listopad - wydatki'!$I3-K3) -> 3100 | M3: Damian | N3: 4108 | O3: =C17 -> 2501 | P3: =C25 -> 800
B4: Telefon | C4: 40 | D4: =('Listopad - wydatki'!$C4-'Listopad - wydatki'!$E4) -> 0 | E4: 40 | H4: Woda | I4: 130 | J4: =('Listopad - wydatki'!$I4-K4) -> 130 | M4: Malwina | N4: 8702 | O4: =I17 -> 5686 | P4: =H25 -> 800
B5: Gaz | C5: 200 | D5: ='Listopad - wydatki'!$C5-E5 -> 0 | E5: 200 | H5: Przedszkole | I5: 1013 | J5: =('Listopad - wydatki'!$I5-K5) -> 1013 | M5: Suma | N5: =SUM(N3,N4) -> 12810 | O5: =SUM(O3,O4) -> 8187 | P5: =SUM(P3,P4) -> 1600 | Q5: =C33+I38 -> 3023
B6: Paliwo | C6: 800 | D6: =('Listopad - wydatki'!$C6-'Listopad - wydatki'!$E6) -> 0 | E6: =238+295+114+126+27 -> 800 | H6: Śmieci | I6: 128 | J6: =('Listopad - wydatki'!$I6-K7) -> 128 | M6: SPRAWDZENIE | N6: =C40+I42=N5 -> TRUE
B7: Revolut | C7: 56 | D7: =('Listopad - wydatki'!$C7-'Listopad - wydatki'!$E7) -> 0 | E7: 56 | H7: Izba | I7: 65 | J7: =('Listopad - wydatki'!$I7-K8) -> 65 | N7: =C40+I42 -> 12810
B8: Różne | C8: 100 | D8: ='Listopad - wydatki'!$C8-E8 -> 0 | E8: =25+14+8+53 -> 100 | H8: Dzieci | I8: 200 | J8: =('Listopad - wydatki'!$I8-K11) -> 200
B9: Auto | C9: 300 | D9: =('Listopad - wydatki'!$C9-'Listopad - wydatki'!$E9) -> 0 | E9: 300 | H9: Apteka | I9: 100 | J9: =('Listopad - wydatki'!$I9-K12) -> 100
H10: Chemia | I10: 50 | J10: =('Listopad - wydatki'!$I10-K13) -> 50
B11: Dom | C11: 370 | D11: =('Listopad - wydatki'!$C11-'Listopad - wydatki'!$E11) -> 130 | E11: =27+200+13 -> 240 | H11: Mieszkanie | I11: 100 | J11: =('Listopad - wydatki'!$I11-K14) -> 100 | M11: Składki
B12: Fryzjer | C12: 50 | D12: =('Listopad - wydatki'!$C12-'Listopad - wydatki'!$E12) -> 50 | H12: Święta | I12: 100 | J12: =('Listopad - wydatki'!$I12-K13) -> 100 | M12: Dom | N12: 4230
B13: naprawa Auta | C13: 500 | D13: =('Listopad - wydatki'!$C13-'Listopad - wydatki'!$E13) -> 0 | E13: 500 | H13: Koszty roczne | I13: 350 | J13: =('Listopad - wydatki'!$I13-K14) -> 350 | M13: Wakacje | N13: =377+146 -> 523
H14: Lekarz | I14: 300 | J14: =('Listopad - wydatki'!$I14-K15) -> 300
M15: Implant | N15: 0
H16: Fryjzer | I16: 50 | J16: 50 | M16: Koszty roczne | N16: 700 | O16: po sierpniu
B17: RAZEM | C17: =SUM(C3:C15) -> 2501 | D17: =SUM(D3:D15) -> 180 | E17: =SUM(E3:E15) -> 2321 | H17: RAZEM | I17: =SUM(I3:I16) -> 5686 | J17: =SUM(J3:J16) -> 5686 | K17: =SUM(K3:K16) -> 0 | M17: Poduszka finansowa
M18: Euro Malwinka
A19: Jedzenie Damian | G19: Jedzenie Malwina | K19: RAZEM | M19: Lekarz
C20: Budżet | D20: Pozostało | E20: Wydano | H20: Budżet | I20: Pozostało | J20: Wydano | K20: POZOSTAŁO | M20: Mieszkanie
B21: Tydzień 1 | C21: 200 | D21: =(C21-E21) -> -2.8421709e-14 | E21: =25.39+7.49+72.89+34.77+31.43+9+19.03 -> 200 | G21: Tydzień 1 | H21: 200 | I21: =(H21-J21) -> 200 | J21: 0 | K21: =('Listopad - wydatki'!$D21+'Listopad - wydatki'!$I21) -> 200 | M21: Zabawowe | N21: =1919+175 -> 2094
B22: Tydzień 2 | C22: 200 | D22: =(C22-E22) -> 0 | E22: =38.2+40.82+7+113.98 -> 200 | G22: Tydzień 2 | H22: 200 | I22: =(H22-J22) -> 200 | J22: =(0) -> 0 | K22: =('Listopad - wydatki'!$D22+'Listopad - wydatki'!$I22) -> 200
B23: Tydzień 3 | C23: 200 | D23: =(C23-E23) -> 0 | E23: =128+69+3 -> 200 | G23: Tydzień 3 | H23: 200 | I23: =(H23-J23) -> 200 | J23: =(0) -> 0 | K23: =('Listopad - wydatki'!$D23+'Listopad - wydatki'!$I23) -> 200
B24: Tydzień 4 | C24: 200 | D24: =(C24-E24) -> 0 | E24: =166+21+4.64+6.02+2.34 -> 200 | G24: Tydzień 4 | H24: 200 | I24: =(H24-J24) -> 200 | J24: =(0) -> 0 | K24: =('Listopad - wydatki'!$D24+'Listopad - wydatki'!$I24) -> 200
B25: SUMA | C25: 800 | D25: =SUM(D21:D24) -> -2.8421709e-14 | G25: SUMA | H25: =SUM(H21:H24) -> 800 | I25: =SUM(I21:I24) -> 800 | J25: =SUM(J21:J24) -> 0 | K25: =('Listopad - wydatki'!$D25+'Listopad - wydatki'!$I25) -> 800
A27: Dodatki Damian | G27: Dodatki Malwina
A28: Bank | B28: Rodzaj | C28: Budżet | D28: Pozostało | E28: Wydano | G28: Bank | H28: Rodzaj | I28: Budżet | J28: Pozostało | K28: Wydano
B29: prąd | C29: 30 | D29: 0 | E29: 30 | H29: Kwiaty | I29: 20 | J29: ='Listopad - wydatki'!$I29-K29 -> 20 | K29: =(0) -> 0
B30: Kieszonkowe | C30: 500 | D30: ='Listopad - wydatki'!$C30-E30 -> 0 | E30: 500 | H30: Kieszonkowe | I30: 900 | J30: ='Listopad - wydatki'!$I30-K30 -> 900 | K30: =(0) -> 0
B31: mikołaj | C31: 200 | D31: ='Listopad - wydatki'!$C31-'Listopad - wydatki'!$E31 -> 0 | E31: 200 | H31: podatek | I31: 82 | J31: 82
B32: sylwek | C32: 100 | D32: ='Listopad - wydatki'!$C32-'Listopad - wydatki'!$E32 -> 0 | E32: 100 | H32: Konkursy | I32: 50 | J32: ='Listopad - wydatki'!$I32-K32 -> 50 | K32: 0
B33: SUMA | C33: =SUM(C29:C32) -> 830 | D33: =SUM(D29:D32) -> 0 | E33: =SUM(E29:E32) -> 830 | H33: eris | I33: 500 | J33: ='Listopad - wydatki'!$I33-K33 -> 500 | K33: 0
H34: lutcza | I34: 100 | J34: 100
H35: implant | I35: 100 | J35: 100
H36: Maja | I36: 124 | J36: 124
H37: Wakacje | I37: 317 | J37: ='Listopad - wydatki'!$I37-K37 -> 317 | K37: 0
A38: Suma całkowita Damian | H38: SUMA | I38: =SUM(I29:I37) -> 2193 | J38: =SUM(J29:J37) -> 2193 | K38: =SUM(K29:K37) -> 0
C39: Budżet | D39: Pozostało | E39: Wydano
C40: =C17+C25+C33 -> 4131 | D40: =D17+D25+D33 -> 180 | E40: =E17+E25+E33 -> 3151 | F40: =F17+F25+F33 -> 0 | G40: Suma całkowita Malwina
I41: Budżet | J41: Pozostało | K41: Wydano
I42: =I17+H25+I38 -> 8679 | J42: =J17+I25+J38 -> 8679 | K42: =K17+J25+K38 -> 0
D46: 1800 wioslarz | E46: pko

Sheet Październik - wydatki
A1: Koszty stałe Damian | G1: Koszty stałe Malwina
A2: Bank | B2: Rodzaj | C2: Budżet | D2: Pozostało | E2: Wydano | G2: Bank | H2: Rodzaj | I2: Budżet | J2: Pozostało | K2: Wydano | N2: Wypłata | O2: Koszty stałe | P2: Jedzenie | Q2: Dodatki | R2: pozostało
B3: Internet | C3: 85 | D3: =('Październik - wydatki'!$C3-'Październik - wydatki'!$E3) -> 0 | E3: 85 | H3: Rata | I3: 3100 | J3: =('Październik - wydatki'!$I3-K3) -> 3100 | M3: Damian | N3: 4327 | O3: =C17 -> 2389 | P3: =C25 -> 800
B4: Telefon | C4: 30 | D4: =('Październik - wydatki'!$C4-'Październik - wydatki'!$E4) -> 0 | E4: 30 | H4: Woda | I4: 130 | J4: =('Październik - wydatki'!$I4-K4) -> 130 | M4: Malwina | N4: =(6318+2200) -> 8518 | O4: =I17 -> 6080 | P4: =H25 -> 800
B5: Gaz | C5: 120 | D5: ='Październik - wydatki'!$C5-E5 -> 0 | E5: 120 | H5: Przedszkole | I5: 1115 | J5: =('Październik - wydatki'!$I5-K5) -> 1115 | M5: Suma | N5: =SUM(N3,N4) -> 12845 | O5: =SUM(O3,O4) -> 8469 | P5: =SUM(P3,P4) -> 1600 | Q5: =C33+I38 -> 2776
B6: Paliwo | C6: 700 | D6: =('Październik - wydatki'!$C6-'Październik - wydatki'!$E6) -> 0 | E6: =300+113+180+107 -> 700 | H6: Śmieci | I6: 128 | J6: =('Październik - wydatki'!$I6-K7) -> 128 | M6: SPRAWDZENIE | N6: =C40+I42=N5 -> TRUE
B7: Revolut | C7: 56 | D7: =('Październik - wydatki'!$C7-'Październik - wydatki'!$E7) -> 0 | E7: 56 | H7: Izba | I7: 65 | J7: =('Październik - wydatki'!$I7-K8) -> 65
B8: Różne | C8: 100 | D8: ='Październik - wydatki'!$C8-E8 -> 0 | E8: =20+10+10+5+55 -> 100 | H8: Dzieci | I8: 200 | J8: =('Październik - wydatki'!$I8-K11) -> 200
B9: Auto | C9: 300 | D9: =('Październik - wydatki'!$C9-'Październik - wydatki'!$E9) -> 0 | E9: 300 | H9: Apteka | I9: 100 | J9: =('Październik - wydatki'!$I9-K12) -> 100
B10: tv | C10: 125 | D10: ='Październik - wydatki'!$C10-E10 -> 0 | E10: 125 | H10: Chemia | I10: 50 | J10: =('Październik - wydatki'!$I10-K13) -> 50
B11: Dom | C11: 300 | D11: =('Październik - wydatki'!$C11-'Październik - wydatki'!$E11) -> 0 | E11: 300 | H11: Mieszkanie | I11: 100 | J11: =('Październik - wydatki'!$I11-K14) -> 100 | M11: Składki
A12: =50 -> 50 | B12: Fryzjer | C12: 50 | D12: =('Październik - wydatki'!$C12-'Październik - wydatki'!$E12) -> 0 | E12: 50 | H12: Święta | I12: 100 | J12: =('Październik - wydatki'!$I12-K13) -> 100 | M12: Dom | N12: 4700 | O12: po wrzesniu | P12: 400oddac za naprawe
B13: naprawa Auta | C13: 500 | D13: =('Październik - wydatki'!$C13-'Październik - wydatki'!$E13) -> 0 | E13: 500 | H13: Koszty roczne | I13: 350 | J13: =('Październik - wydatki'!$I13-K14) -> 350 | M13: Wakacje | N13: =377+146 -> 523
B14: netflix | C14: 23 | D14: =('Październik - wydatki'!$C14-'Październik - wydatki'!$E14) -> 0 | E14: 23 | H14: Lekarz | I14: 300 | J14: =('Październik - wydatki'!$I14-K15) -> 300
H15: Zabawowe | I15: 292 | J15: ='Październik - wydatki'!$I15-K29 -> 292 | M15: Implant | N15: 0
H16: Fryjzer | I16: 50 | J16: 50 | M16: Koszty roczne | N16: 700 | O16: po sierpniu
B17: RAZEM | C17: =SUM(C3:C15) -> 2389 | D17: =SUM(D3:D15) -> 0 | E17: =SUM(E3:E15) -> 2389 | H17: RAZEM | I17: =SUM(I3:I16) -> 6080 | J17: =SUM(J3:J16) -> 6080 | K17: =SUM(K3:K16) -> 0 | M17: Poduszka finansowa
M18: Euro Malwinka
A19: Jedzenie Damian | G19: Jedzenie Malwina | K19: RAZEM | M19: Lekarz
C20: Budżet | D20: Pozostało | E20: Wydano | H20: Budżet | I20: Pozostało | J20: Wydano | K20: POZOSTAŁO | M20: Mieszkanie
B21: Tydzień 1 | C21: 200 | D21: =(C21-E21) -> 0 | E21: =116.52+11.77+25.98+21.99-30+17.44+36.3 -> 200 | G21: Tydzień 1 | H21: 200 | I21: =(H21-J21) -> 200 | J21: 0 | K21: =('Październik - wydatki'!$D21+'Październik - wydatki'!$I21) -> 200 | M21: Zabawowe | N21: =1919+175 -> 2094
B22: Tydzień 2 | C22: 200 | D22: =(C22-E22) -> -2.8421709e-14 | E22: =2+122.66+14.16+6.78+65.42+5.99+45.72-62.73 -> 200 | G22: Tydzień 2 | H22: 200 | I22: =(H22-J22) -> 200 | J22: =(0) -> 0 | K22: =('Październik - wydatki'!$D22+'Październik - wydatki'!$I22) -> 200
B23: Tydzień 3 | C23: 200 | D23: =(C23-E23) -> 2.8421709e-14 | E23: =62.73+100+15.42+17.15+4.7 -> 200 | G23: Tydzień 3 | H23: 200 | I23: =(H23-J23) -> 200 | J23: =(0) -> 0 | K23: =('Październik - wydatki'!$D23+'Październik - wydatki'!$I23) -> 200
B24: Tydzień 4 | C24: 200 | D24: =(C24-E24) -> -59.46 | E24: =128.73+42.6+7.51+29.75+30.29+25.28-4.7 -> 259.46 | G24: Tydzień 4 | H24: 200 | I24: =(H24-J24) -> 200 | J24: =(0) -> 0 | K24: =('Październik - wydatki'!$D24+'Październik - wydatki'!$I24) -> 140.54
B25: SUMA | C25: 800 | D25: =SUM(D21:D24) -> -59.46 | E25: =SUM(E21:E24) -> 859.46 | G25: SUMA | H25: =SUM(H21:H24) -> 800 | I25: =SUM(I21:I24) -> 800 | J25: =SUM(J21:J24) -> 0 | K25: =('Październik - wydatki'!$D25+'Październik - wydatki'!$I25) -> 740.54
A27: Dodatki Damian | G27: Dodatki Malwina
A28: Bank | B28: Rodzaj | C28: Budżet | D28: Pozostało | E28: Wydano | G28: Bank | H28: Rodzaj | I28: Budżet | J28: Pozostało | K28: Wydano
H29: Kwiaty | I29: 20 | J29: ='Październik - wydatki'!$I29-K29 -> 20 | K29: =(0) -> 0
B30: Kieszonkowe | C30: 500 | D30: ='Październik - wydatki'!$C30-E30 -> 0 | E30: 500 | H30: Kieszonkowe | I30: 500 | J30: ='Październik - wydatki'!$I30-K30 -> 500 | K30: =(0) -> 0
B31: Opony | C31: 400 | D31: ='Październik - wydatki'!$C31-E31 -> 0 | E31: 400 | H31: Urodziny Barti | I31: 446 | J31: ='Październik - wydatki'!$I31-K31 -> 446 | K31: =(0) -> 0
H32: Konkursy | I32: 50 | J32: ='Październik - wydatki'!$I32-K32 -> 50 | K32: 0
B33: SUMA | C33: =SUM(C29:C32) -> 900 | D33: =SUM(D29:D32) -> 0 | E33: =SUM(E29:E32) -> 900 | H33: eris | I33: 500 | J33: ='Październik - wydatki'!$I33-K33 -> 500 | K33: 0
H34: miód | I34: 60 | J34: ='Październik - wydatki'!$I34-K34 -> 60
H35: wit | I35: 150 | J35: ='Październik - wydatki'!$I35-K35 -> 150
H37: Wakacje | I37: 150 | J37: ='Październik - wydatki'!$I37-K37 -> 150 | K37: 0
A38: Suma całkowita Damian | H38: SUMA | I38: =SUM(I29:I37) -> 1876 | J38: =SUM(J29:J37) -> 1876 | K38: =SUM(K29:K37) -> 0
C39: Budżet | D39: Pozostało | E39: Wydano
C40: =C17+C25+C33 -> 4089 | D40: =D17+D25+D33 -> -59.46 | E40: =E17+E25+E33 -> 4148.46 | F40: =F17+F25+F33 -> 0 | G40: Suma całkowita Malwina
I41: Budżet | J41: Pozostało | K41: Wydano
I42: =I17+H25+I38 -> 8756 | J42: =J17+I25+J38 -> 8756 | K42: =K17+J25+K38 -> 0
A45: zabawowe | B45: 1919
A46: gratis dom | B46: 47
A47: zlobek | B47: 400
A48: badania | B48: 300
A49: swieta | B49: 700

Sheet Wrzesień - wydatki
A1: Koszty stałe Damian | G1: Koszty stałe Malwina
A2: Bank | B2: Rodzaj | C2: Budżet | D2: Pozostało | E2: Wydano | G2: Bank | H2: Rodzaj | I2: Budżet | J2: Pozostało | K2: Wydano | N2: Wypłata | O2: Koszty stałe | P2: Jedzenie | Q2: Dodatki | R2: pozostało
B3: Internet | C3: 85 | D3: =('Wrzesień - wydatki'!$C3-'Wrzesień - wydatki'!$E3) -> 0 | E3: 85 | H3: Rata | I3: 3100 | J3: =('Wrzesień - wydatki'!$I3-K3) -> 3100 | K3: =(0) -> 0 | M3: Damian | N3: 4661 | O3: =C17 -> 2454 | P3: =C25 -> 800
B4: Telefon | C4: 30 | D4: =('Wrzesień - wydatki'!$C4-'Wrzesień - wydatki'!$E4) -> 0 | E4: 30 | H4: Woda | I4: 130 | J4: =('Wrzesień - wydatki'!$I4-K4) -> 130 | M4: Malwina | N4: 7528 | O4: =I17 -> 6473 | P4: =H25 -> 800
B5: Gaz | C5: 197 | D5: ='Wrzesień - wydatki'!$C5-E5 -> 0 | E5: 197 | H5: Przedszkole | I5: 1086 | J5: =('Wrzesień - wydatki'!$I5-K5) -> 1086 | M5: Suma | N5: =SUM(N3,N4,130) -> 12319 | O5: =SUM(O3,O4) -> 8927 | P5: =SUM(P3,P4) -> 1600 | Q5: =(N5-O5-P5) -> 1792
B6: Paliwo | C6: =130+600 -> 730 | D6: =('Wrzesień - wydatki'!$C6-'Wrzesień - wydatki'!$E6) -> 0 | E6: =(130+300+190+110) -> 730 | H6: Śmieci | I6: 128 | J6: =('Wrzesień - wydatki'!$I6-K7) -> 128 | M6: SPRAWDZENIE | N6: =C37+I39=N5 -> FALSE
B7: Revolut | C7: 56 | D7: =('Wrzesień - wydatki'!$C7-'Wrzesień - wydatki'!$E7) -> 0 | E7: 56 | H7: Izba | I7: 65 | J7: =('Wrzesień - wydatki'!$I7-K8) -> 65
B8: Różne | C8: 100 | D8: ='Wrzesień - wydatki'!$C8-E8 -> 0 | E8: =(20+4+12+21+11+32) -> 100 | H8: Dzieci | I8: 200 | J8: =('Wrzesień - wydatki'!$I8-K11) -> 200
B9: Auto | C9: 300 | D9: =('Wrzesień - wydatki'!$C9-'Wrzesień - wydatki'!$E9) -> 0 | E9: 300 | H9: Apteka | I9: 100 | J9: =('Wrzesień - wydatki'!$I9-K12) -> 100
B10: Prąd | C10: 45 | D10: 0 | E10: 45 | H10: Chemia | I10: 100 | J10: =('Wrzesień - wydatki'!$I10-K13) -> 100
B11: Dom | C11: 450 | D11: =('Wrzesień - wydatki'!$C11-'Wrzesień - wydatki'!$E11) -> 0 | E11: 450 | H11: Mieszkanie | I11: 100 | J11: =('Wrzesień - wydatki'!$I11-K14) -> 100 | M11: Składki
B12: Fryzjer | C12: 50 | D12: =('Wrzesień - wydatki'!$C12-'Wrzesień - wydatki'!$E12) -> 50 | H12: Święta | I12: 100 | J12: =('Wrzesień - wydatki'!$I12-K13) -> 100 | M12: Dom | N12: =(4400+226+400) -> 5026 | O12: po wrzesniu
B13: Prezent rodzice | C13: 261 | D13: ='Wrzesień - wydatki'!$C13-'Wrzesień - wydatki'!$E13 -> 0 | E13: =(120+141) -> 261 | H13: Koszty roczne | I13: 350 | J13: =('Wrzesień - wydatki'!$I13-K14) -> 350 | M13: Wakacje | N13: =377+146 -> 523
B14: prezent besko | C14: 150 | D14: 150 | H14: Lekarz | I14: 330 | J14: =('Wrzesień - wydatki'!$I14-K15) -> 330 | M14: Opony | N14: 2100 | O14: po wrzesniu
H15: Zabawowe | I15: 400 | J15: ='Wrzesień - wydatki'!$I15-K29 -> 400 | M15: Implant | N15: 0
H16: Podatek+ Maja+ kokosy + konkursy | I16: 284 | J16: 284 | M16: Koszty roczne | N16: 700 | O16: po sierpniu
B17: RAZEM | C17: =SUM(C3:C15) -> 2454 | D17: =SUM(D3:D15) -> 200 | E17: =SUM(E3:E15) -> 2254 | H17: RAZEM | I17: =SUM(I3:I16) -> 6473 | J17: =SUM(J3:J16) -> 6473 | K17: =SUM(K3:K16) -> 0 | M17: Poduszka finansowa
M18: Euro Malwinka
A19: Jedzenie Damian | G19: Jedzenie Malwina | K19: RAZEM | M19: Lekarz
C20: Budżet | D20: Pozostało | E20: Wydano | H20: Budżet | I20: Pozostało | J20: Wydano | K20: POZOSTAŁO | M20: Mieszkanie
B21: Tydzień 1 | C21: 200 | D21: =(C21-E21) -> 2.8421709e-14 | E21: =(39.78+9.04+28.78+74.15+14.5+21.89+24.89+6.2-19.23) -> 200 | G21: Tydzień 1 | H21: 200 | I21: =(H21-J21) -> 200 | J21: 0 | K21: =('Wrzesień - wydatki'!$D21+'Wrzesień - wydatki'!$I21) -> 200 | M21: Zabawowe | N21: =1919+175 -> 2094
B22: Tydzień 2 | C22: 200 | D22: =(C22-E22) -> 0 | E22: =(19.23+7.5+13.52+62.65+3.66+6.99+28.66+7+24.21+82.83-56.25) -> 200 | G22: Tydzień 2 | H22: 200 | I22: =(H22-J22) -> 200 | J22: =(0) -> 0 | K22: =('Wrzesień - wydatki'!$D22+'Wrzesień - wydatki'!$I22) -> 200 | M22: Foteliki | N22: 825
B23: Tydzień 3 | C23: 200 | D23: =(C23-E23) -> -2.8421709e-14 | E23: =(56.25+27.17+80.93+23.88+14.28-2.51) -> 200 | G23: Tydzień 3 | H23: 200 | I23: =(H23-J23) -> 200 | J23: =(0) -> 0 | K23: =('Wrzesień - wydatki'!$D23+'Wrzesień - wydatki'!$I23) -> 200
B24: Tydzień 4 | C24: 200 | D24: =(C24-E24) -> 0 | E24: =(2.51+16.13+181.36) -> 200 | G24: Tydzień 4 | H24: 200 | I24: =(H24-J24) -> 200 | J24: =(0) -> 0 | K24: =('Wrzesień - wydatki'!$D24+'Wrzesień - wydatki'!$I24) -> 200
B25: SUMA | C25: 800 | D25: =SUM(D21:D24) -> 0 | E25: =SUM(E21:E24) -> 800 | G25: SUMA | H25: =SUM(H21:H24) -> 800 | I25: =SUM(I21:I24) -> 800 | J25: =SUM(J21:J24) -> 0 | K25: =('Wrzesień - wydatki'!$D25+'Wrzesień - wydatki'!$I25) -> 800
A27: Dodatki Damian | G27: Dodatki Malwina
A28: Bank | B28: Rodzaj | C28: Budżet | D28: Pozostało | E28: Wydano | G28: Bank | H28: Rodzaj | I28: Budżet | J28: Pozostało | K28: Wydano
H29: Olini | I29: 150 | J29: ='Wrzesień - wydatki'!$I29-K29 -> 150 | K29: =(0) -> 0
B30: Kieszonkowe | C30: 500 | D30: ='Wrzesień - wydatki'!$C30-E30 -> 0 | E30: 500 | H30: Kieszonkowe | I30: 500 | J30: ='Wrzesień - wydatki'!$I30-K30 -> 500 | K30: =(0) -> 0
B31: Opony | C31: 400 | D31: ='Wrzesień - wydatki'!$C31-E31 -> 0 | E31: 400 | H31: Kwiaty | I31: 20 | J31: ='Wrzesień - wydatki'!$I31-K31 -> 20 | K31: =(0) -> 0
H32: Maliny | I32: 70 | J32: ='Wrzesień - wydatki'!$I32-K32 -> 70 | K32: 0
B33: SUMA | C33: =SUM(C29:C32) -> 900 | D33: =SUM(D29:D32) -> 0 | E33: =SUM(E29:E32) -> 900 | H33: Fryzjer | I33: 50 | J33: ='Wrzesień - wydatki'!$I33-K33 -> 50 | K33: 0
H34: Wakacje | I34: 152 | J34: ='Wrzesień - wydatki'!$I34-K34 -> 152 | K34: 0
A35: Suma całkowita Damian | H35: SUMA | I35: =SUM(I29:I34) -> 942 | J35: =SUM(J29:J34) -> 942 | K35: =SUM(K29:K34) -> 0
C36: Budżet | D36: Pozostało | E36: Wydano
C37: =C17+C25+C33 -> 4154 | D37: =D17+D25+D33 -> 200 | E37: =E17+E25+E33 -> 3954 | F37: =F17+F25+F33 -> 0 | G37: Suma całkowita Malwina
I38: Budżet | J38: Pozostało | K38: Wydano
I39: =I17+H25+I35 -> 8215 | J39: =J17+I25+J35 -> 8215 | K39: =K17+J25+K35 -> 0
A42: zabawowe | B42: 1919
A43: gratis dom | B43: 47
A44: zlobek | B44: 400
A45: badania | B45: 300
A46: swieta | B46: 700

Sheet Sierpień - wydatki
A1: Koszty stałe Damian | G1: Koszty stałe Malwina
A2: Bank | B2: Rodzaj | C2: Budżet | D2: Pozostało | E2: Wydano | G2: Bank | H2: Rodzaj | I2: Budżet | J2: Pozostało | K2: Wydano | N2: Wypłata | O2: Koszty stałe | P2: Jedzenie | Q2: Dodatki | R2: pozostało
B3: Internet | C3: 85 | D3: =('Sierpień - wydatki'!$C3-'Sierpień - wydatki'!$E3) -> 0 | E3: =60+25 -> 85 | H3: Rata | I3: 3102 | J3: =('Sierpień - wydatki'!$I3-K3) -> 3102 | K3: =(0) -> 0 | M3: Damian | N3: 4660 | O3: =C17 -> 2401 | P3: =C25 -> 800
B4: Telefon | C4: 30 | D4: =('Sierpień - wydatki'!$C4-'Sierpień - wydatki'!$E4) -> 0 | E4: 30 | H4: Woda | I4: 130 | J4: =('Sierpień - wydatki'!$I4-K4) -> 130 | M4: Malwina | N4: 7229 | O4: =I17 -> 5970 | P4: =H25 -> 800
B5: Gaz | C5: 230 | D5: ='Sierpień - wydatki'!$C5-E5 -> 0 | E5: 230 | H5: Przedszkole | I5: 895 | J5: =('Sierpień - wydatki'!$I5-K5) -> 895 | M5: Suma | N5: =SUM(N3,N4,500) -> 12389 | O5: =SUM(O3,O4) -> 8371 | P5: =SUM(P3,P4) -> 1600 | Q5: =(N5-O5-P5) -> 2418
B6: Paliwo | C6: 800 | D6: =('Sierpień - wydatki'!$C6-'Sierpień - wydatki'!$E6) -> 130 | E6: =(110+245+200+108+7) -> 670 | H6: Śmieci | I6: 128 | J6: =('Sierpień - wydatki'!$I6-K7) -> 128 | M6: SPRAWDZENIE | N6: =C37+I39=N5 -> TRUE
B7: Revolut | C7: 56 | D7: =('Sierpień - wydatki'!$C7-'Sierpień - wydatki'!$E7) -> 0 | E7: 56 | H7: Izba | I7: 65 | J7: =('Sierpień - wydatki'!$I7-K8) -> 65
B8: Różne | C8: 100 | D8: ='Sierpień - wydatki'!$C8-E8 -> 0 | E8: =(60+14+26) -> 100 | H8: Dzieci | I8: 200 | J8: =('Sierpień - wydatki'!$I8-K11) -> 200
B9: Auto | C9: 300 | D9: =('Sierpień - wydatki'!$C9-'Sierpień - wydatki'!$E9) -> 0 | E9: 300 | H9: Apteka | I9: 100 | J9: =('Sierpień - wydatki'!$I9-K12) -> 100
B10: Cinek | C10: 300 | D10: =('Sierpień - wydatki'!$C10-'Sierpień - wydatki'!$E10) -> 0 | E10: 300 | H10: Chemia | I10: 100 | J10: =('Sierpień - wydatki'!$I10-K13) -> 100
B11: Dom | C11: 450 | D11: =('Sierpień - wydatki'!$C11-'Sierpień - wydatki'!$E11) -> 0 | E11: =(224+226) -> 450 | H11: Mieszkanie | I11: 100 | J11: =('Sierpień - wydatki'!$I11-K14) -> 100 | M11: Składki
B12: Fryzjer | C12: 50 | D12: =('Sierpień - wydatki'!$C12-'Sierpień - wydatki'!$E12) -> 0 | E12: =(35+15) -> 50 | H12: Święta | I12: 100 | J12: =('Sierpień - wydatki'!$I12-K13) -> 100 | M12: Dom | N12: =(4400+226) -> 4626 | O12: po sierpniu
H13: Koszty roczne | I13: 350 | J13: =('Sierpień - wydatki'!$I13-K14) -> 350 | M13: Wakacje | N13: =377+146 -> 523
H14: Lekarz | I14: 300 | J14: =('Sierpień - wydatki'!$I14-K15) -> 300 | M14: Opony | N14: 1700 | O14: po sierpniu
H15: Zabawowe | I15: 400 | J15: ='Sierpień - wydatki'!$I15-K29 -> 400 | M15: Implant | N15: 0
M16: Koszty roczne | N16: 700 | O16: po sierpniu
B17: RAZEM | C17: =SUM(C3:C15) -> 2401 | D17: =SUM(D3:D15) -> 130 | E17: =SUM(E3:E15) -> 2271 | H17: RAZEM | I17: =SUM(I3:I15) -> 5970 | J17: =SUM(J3:J15) -> 5970 | K17: =SUM(K3:K16) -> 0 | M17: Poduszka finansowa
M18: Euro Malwinka
A19: Jedzenie Damian | G19: Jedzenie Malwina | K19: RAZEM | M19: Lekarz
C20: Budżet | D20: Pozostało | E20: Wydano | H20: Budżet | I20: Pozostało | J20: Wydano | K20: POZOSTAŁO | M20: Mieszkanie
B21: Tydzień 1 | C21: 400 | D21: =(C21-E21) -> 0 | E21: =(90.15+95.7+63.1+9.49+6.5+54.16+7.18+28.47+33.26+6.99+5) -> 400 | G21: Tydzień 1 | H21: 200 | I21: =(H21-J21) -> 200 | J21: 0 | K21: =('Sierpień - wydatki'!$D21+'Sierpień - wydatki'!$I21) -> 200 | M21: Zabawowe | N21: =1919+175 -> 2094
B22: Tydzień 2 | C22: 200 | D22: =(C22-E22) -> 0 | E22: =(23.95+97.14+3.49+31.69+19.09+16.53+8.11) -> 200 | G22: Tydzień 2 | H22: 200 | I22: =(H22-J22) -> 200 | J22: =(0) -> 0 | K22: =('Sierpień - wydatki'!$D22+'Sierpień - wydatki'!$I22) -> 200 | M22: Foteliki | N22: 825
B23: Tydzień 3 | C23: 200 | D23: =(C23-E23) -> 0 | E23: =(119+32.75+6.49+4.79+36.97) -> 200 | G23: Tydzień 3 | H23: 200 | I23: =(H23-J23) -> 200 | J23: =(0) -> 0 | K23: =('Sierpień - wydatki'!$D23+'Sierpień - wydatki'!$I23) -> 200
B24: Tydzień 4 | C24: 0 | D24: =(C24-E24) -> 0 | G24: Tydzień 4 | H24: 200 | I24: =(H24-J24) -> 200 | J24: =(0) -> 0 | K24: =('Sierpień - wydatki'!$D24+'Sierpień - wydatki'!$I24) -> 200
B25: SUMA | C25: 800 | D25: =SUM(D21:D24) -> 0 | E25: =SUM(E21:E24) -> 800 | G25: SUMA | H25: =SUM(H21:H24) -> 800 | I25: =SUM(I21:I24) -> 800 | J25: =SUM(J21:J24) -> 0 | K25: =('Sierpień - wydatki'!$D25+'Sierpień - wydatki'!$I25) -> 800
A27: Dodatki Damian | G27: Dodatki Malwina
A28: Bank | B28: Rodzaj | C28: Budżet | D28: Pozostało | E28: Wydano | G28: Bank | H28: Rodzaj | I28: Budżet | J28: Pozostało | K28: Wydano
B29: Gumki 52 | C29: 52 | D29: ='Sierpień - wydatki'!$C29-E29 -> 0 | E29: 52 | H29: Eris | I29: 500 | J29: ='Sierpień - wydatki'!$I29-K29 -> 500 | K29: =(0) -> 0
B30: Kieszonkowe | C30: 500 | D30: ='Sierpień - wydatki'!$C30-E30 -> 0 | E30: 500 | H30: Kieszonkowe | I30: 500 | J30: ='Sierpień - wydatki'!$I30-K30 -> 500 | K30: =(0) -> 0
B31: Opony | C31: 400 | D31: ='Sierpień - wydatki'!$C31-E31 -> 0 | E31: 400 | H31: Kwiaty | I31: 50 | J31: ='Sierpień - wydatki'!$I31-K31 -> 50 | K31: =(0) -> 0
H32: Nadpłata K | I32: 220 | J32: ='Sierpień - wydatki'!$I32-K32 -> 220 | K32: 0
B33: SUMA | C33: =SUM(C29:C32) -> 952 | D33: =SUM(D29:D32) -> 0 | E33: =SUM(E29:E32) -> 952 | H33: Fryzjer | I33: 50 | J33: ='Sierpień - wydatki'!$I33-K33 -> 50 | K33: 0
H34: Wakacje | I34: 146 | J34: ='Sierpień - wydatki'!$I34-K34 -> 146 | K34: 0
A35: Suma całkowita Damian | H35: SUMA | I35: =SUM(I29:I34) -> 1466 | J35: =SUM(J29:J34) -> 1466 | K35: =SUM(K29:K34) -> 0
C36: Budżet | D36: Pozostało | E36: Wydano
C37: =C17+C25+C33 -> 4153 | D37: =D17+D25+D33 -> 130 | E37: =E17+E25+E33 -> 4023 | F37: =F17+F25+F33 -> 0 | G37: Suma całkowita Malwina
I38: Budżet | J38: Pozostało | K38: Wydano
I39: =I17+H25+I35 -> 8236 | J39: =J17+I25+J35 -> 8236 | K39: =K17+J25+K35 -> 0
A42: zabawowe | B42: 1919
A43: gratis dom | B43: 47
A44: zlobek | B44: 400
A45: badania | B45: 300
A46: swieta | B46: 700

Sheet Lipiec - wydatki
A1: Koszty stałe Damian | G1: Koszty stałe Malwina
A2: Bank | B2: Rodzaj | C2: Budżet | D2: Pozostało | E2: Wydano | G2: Bank | H2: Rodzaj | I2: Budżet | J2: Pozostało | K2: Wydano | N2: Wypłata | O2: Koszty stałe | P2: Jedzenie | Q2: Dodatki | R2: pozostało
B3: Internet | C3: 75 | D3: =('Lipiec - wydatki'!$C3-'Lipiec - wydatki'!$E3) -> 0 | E3: 75 | H3: Rata | I3: 3110 | J3: =('Lipiec - wydatki'!$I3-K3) -> 3110 | K3: =(0) -> 0 | M3: Damian | N3: 4360 | O3: =C17 -> 2331 | P3: =C25 -> 800
B4: Telefon | C4: 30 | D4: =('Lipiec - wydatki'!$C4-'Lipiec - wydatki'!$E4) -> 0 | E4: 30 | H4: Woda | I4: 130 | J4: =('Lipiec - wydatki'!$I4-K4) -> 130 | M4: Malwina | N4: 7500 | O4: =I17 -> 5658.5 | P4: =H25 -> 800
B5: Gaz | C5: 220 | D5: ='Lipiec - wydatki'!$C5-E5 -> 0 | E5: 220 | H5: Przedszkole | I5: 996.5 | J5: =('Lipiec - wydatki'!$I5-K5) -> 996.5 | M5: Suma | N5: =SUM(N3,N4) -> 11860 | O5: =SUM(O3,O4) -> 7989.5 | P5: =SUM(P3,P4) -> 1600 | Q5: =(N5-O5-P5) -> 2270.5
B6: Paliwo | C6: 800 | D6: =('Lipiec - wydatki'!$C6-'Lipiec - wydatki'!$E6) -> 0 | E6: =(106+93+302+280+19) -> 800 | H6: Kot | I6: 300 | J6: =('Lipiec - wydatki'!$I6-K6) -> 300 | M6: SPRAWDZENIE | N6: =C37+I37=N5 -> TRUE
B7: Revolut | C7: 56 | D7: =('Lipiec - wydatki'!$C7-'Lipiec - wydatki'!$E7) -> 0 | E7: 56 | H7: Śmieci | I7: 128 | J7: =('Lipiec - wydatki'!$I7-K7) -> 128
B8: Różne | C8: 100 | D8: ='Lipiec - wydatki'!$C8-E8 -> 0 | E8: =30+38+8+24 -> 100 | H8: Izba | I8: 44 | J8: =('Lipiec - wydatki'!$I8-K8) -> 44
B9: Auto | C9: 300 | D9: =('Lipiec - wydatki'!$C9-'Lipiec - wydatki'!$E9) -> 0 | E9: 300 | H9: Dzieci | I9: 200 | J9: =('Lipiec - wydatki'!$I9-K11) -> 200
B10: Lekarz | C10: 300 | D10: =('Lipiec - wydatki'!$C10-'Lipiec - wydatki'!$E10) -> 0 | E10: 300 | H10: Apteka | I10: 100 | J10: =('Lipiec - wydatki'!$I10-K12) -> 100
B11: Dom | C11: 450 | D11: =('Lipiec - wydatki'!$C11-'Lipiec - wydatki'!$E11) -> 0 | E11: =150+300 -> 450 | H11: Chemia | I11: 100 | J11: =('Lipiec - wydatki'!$I11-K13) -> 100 | M11: Składki
H12: Mieszkanie | I12: 100 | J12: =('Lipiec - wydatki'!$I12-K14) -> 100 | M12: Dom | N12: 4100
H13: Święta | I13: 100 | J13: =('Lipiec - wydatki'!$I13-K15) -> 100 | M13: Wakacje | N13: =1650+377 -> 2027
H14: Koszty roczne | I14: 350 | J14: =(I14-K14) -> 350 | M14: Opony | N14: 1300
M15: Implant | N15: 0
M16: Koszty roczne | N16: 350
B17: RAZEM | C17: =SUM(C3:C15) -> 2331 | D17: =SUM(D3:D15) -> 0 | E17: =SUM(E3:E15) -> 2331 | H17: RAZEM | I17: =SUM(I3:I16) -> 5658.5 | J17: =SUM(J3:J16) -> 5658.5 | K17: =SUM(K3:K16) -> 0 | M17: Poduszka finansowa
M18: Euro Malwinka
A19: Jedzenie Damian | G19: Jedzenie Malwina | K19: RAZEM | M19: Lekarz
C20: Budżet | D20: Pozostało | E20: Wydano | H20: Budżet | I20: Pozostało | J20: Wydano | K20: POZOSTAŁO | M20: Mieszkanie
B21: Tydzień 1 | C21: 400 | D21: =(C21-E21) -> -5.6843419e-14 | E21: =(186+16.14+49+8.88+9.18+61.11+5.49+3.5+24.12+9.98+3.99+24.99-2.38) -> 400 | G21: Tydzień 1 | H21: 200 | I21: =(H21-J21) -> 100 | J21: 100 | K21: =('Lipiec - wydatki'!$D21+'Lipiec - wydatki'!$I21) -> 100 | M21: Zabawowe | N21: =1919+175 -> 2094
B22: Tydzień 2 | C22: 200 | D22: =(C22-E22) -> 2.8421709e-14 | E22: =(32.68+20.45+10.3+14.54+17.51+2.38+15.13+72.72+14.29) -> 200 | G22: Tydzień 2 | H22: 200 | I22: =(H22-J22) -> 200 | J22: =(0) -> 0 | K22: =('Lipiec - wydatki'!$D22+'Lipiec - wydatki'!$I22) -> 200 | M22: Foteliki | N22: 825
B23: Tydzień 3 | C23: 200 | D23: =(C23-E23) -> 0 | E23: 200 | G23: Tydzień 3 | H23: 200 | I23: =(H23-J23) -> 200 | J23: =(0) -> 0 | K23: =('Lipiec - wydatki'!$D23+'Lipiec - wydatki'!$I23) -> 200
B24: Tydzień 4 | C24: 0 | D24: =(C24-E24) -> 0 | G24: Tydzień 4 | H24: 200 | I24: =(H24-J24) -> 200 | J24: =(0) -> 0 | K24: =('Lipiec - wydatki'!$D24+'Lipiec - wydatki'!$I24) -> 200
B25: SUMA | C25: 800 | D25: =SUM(D21:D24) -> -2.8421709e-14 | E25: =SUM(E21:E24) -> 800 | G25: SUMA | H25: =SUM(H21:H24) -> 800 | I25: =SUM(I21:I24) -> 700 | J25: =SUM(J21:J24) -> 100 | K25: =('Lipiec - wydatki'!$D25+'Lipiec - wydatki'!$I25) -> 700
A27: Dodatki Damian | G27: Dodatki Malwina
A28: Bank | B28: Rodzaj | C28: Budżet | D28: Pozostało | E28: Wydano | G28: Bank | H28: Rodzaj | I28: Budżet | J28: Pozostało | K28: Wydano
B29: Prąd | C29: 0 | D29: 0 | E29: 200 | H29: Zabawowe | I29: 400 | J29: ='Lipiec - wydatki'!$I29-K29 -> 400 | K29: =(0) -> 0
B30: Kieszonkowe | C30: 500 | D30: ='Lipiec - wydatki'!$C30-E30 -> 0 | E30: =268+232 -> 500 | H30: Kieszonkowe | I30: 500 | J30: ='Lipiec - wydatki'!$I30-K30 -> 500 | K30: =(0) -> 0
B31: Opony | C31: 400 | D31: ='Lipiec - wydatki'!$C31-E31 -> 0 | E31: 400 | H31: Karola | I31: 93.5 | J31: ='Lipiec - wydatki'!$I31-K31 -> 93.5 | K31: =(0) -> 0
H32: Wakacje | I32: 377 | J32: 377 | K32: 0
B33: SUMA | C33: =SUM(C29:C32) -> 900 | D33: =SUM(D29:D32) -> 0 | E33: =SUM(E29:E32) -> 1100 | H33: SUMA | I33: =SUM(I29:I32) -> 1370.5 | J33: =SUM(J29:J32) -> 1370.5 | K33: =SUM(K29:K32) -> 0
A35: Suma całkowita Damian | G35: Suma całkowita Malwina
C36: Budżet | D36: Pozostało | E36: Wydano | I36: Budżet | J36: Pozostało | K36: Wydano
C37: =C17+C25+C33 -> 4031 | D37: =D17+D25+D33 -> -2.8421709e-14 | E37: =E17+E25+E33 -> 4231 | F37: =F17+F25+F33 -> 0 | I37: =I17+H25+I33 -> 7829 | J37: =J17+I25+J33 -> 7729 | K37: =K17+J25+K33 -> 100
A42: zabawowe | B42: 1919
A43: gratis dom | B43: 47
A44: zlobek | B44: 400
A45: badania | B45: 300
A46: swieta | B46: 700

Sheet Czerwiec - wydatki 
A1: Koszty stałe Damian | G1: Koszty stałe Malwina
A2: Bank | B2: Rodzaj | C2: Budżet | D2: Pozostało | E2: Wydano | G2: Bank | H2: Rodzaj | I2: Budżet | J2: Pozostało | K2: Wydano | N2: Wypłata | O2: Koszty stałe | P2: Jedzenie | Q2: Dodatki | R2: pozostało
B3: Internet | C3: 75 | D3: =('Czerwiec - wydatki '!$C3-'Czerwiec - wydatki '!$E3) -> 0 | E3: 75 | H3: Rata | I3: 3110 | J3: =('Czerwiec - wydatki '!$I3-K3) -> 3110 | K3: =(0) -> 0 | M3: Damian | N3: 4580 | O3: =C17 -> 1611 | P3: =C25 -> 750
B4: Telefon | C4: 30 | D4: =('Czerwiec - wydatki '!$C4-'Czerwiec - wydatki '!$E4) -> 0 | E4: 30 | H4: Woda | I4: 130 | J4: =('Czerwiec - wydatki '!$I4-K4) -> 130 | M4: Malwina | N4: 6850 | O4: =I17 -> 5611 | P4: =H25 -> 750
B5: Gaz | C5: 150 | D5: =('Czerwiec - wydatki '!$C5-'Czerwiec - wydatki '!$E5) -> 0 | E5: 150 | H5: Przedszkole | I5: 968 | J5: =('Czerwiec - wydatki '!$I5-K5) -> 968 | M5: Suma | N5: =SUM(N3,N4) -> 11430 | O5: =SUM(O3,O4) -> 7222 | P5: =SUM(P3,P4) -> 1500 | Q5: =(N5-O5-P5) -> 2708
B6: Paliwo | C6: 1000 | D6: =('Czerwiec - wydatki '!$C6-'Czerwiec - wydatki '!$E6) -> 87 | E6: =(330+99+301+183) -> 913 | H6: Kot | I6: 307 | J6: =('Czerwiec - wydatki '!$I6-K6) -> 307 | M6: SPRAWDZENIE | N6: =C37+I37=N5 -> TRUE
B7: Revolut | C7: 56 | D7: =('Czerwiec - wydatki '!$C7-'Czerwiec - wydatki '!$E7) -> 0 | E7: 56 | H7: Śmieci | I7: 128 | J7: =('Czerwiec - wydatki '!$I7-K7) -> 128
B8: Różne | C8: 100 | D8: ='Czerwiec - wydatki '!$C8-E8 -> 8.7 | E8: =(49+12+13.3+17) -> 91.3 | H8: Izba | I8: 44 | J8: =('Czerwiec - wydatki '!$I8-K8) -> 44
B9: Auto | C9: 200 | D9: =('Czerwiec - wydatki '!$C9-'Czerwiec - wydatki '!$E9) -> 0 | E9: 200
H10: Lekarz | I10: 300 | J10: =('Czerwiec - wydatki '!$I10-K10) -> 300
H11: Dzieci | I11: 200 | J11: =('Czerwiec - wydatki '!$I11-K11) -> 200
H12: Apteka | I12: 139 | J12: =('Czerwiec - wydatki '!$I12-K12) -> 139
H13: Chemia | I13: 50 | J13: =('Czerwiec - wydatki '!$I13-K13) -> 50
H14: Mieszkanie | I14: 100 | J14: =('Czerwiec - wydatki '!$I14-K14) -> 100
H15: Święta | I15: 100 | J15: =('Czerwiec - wydatki '!$I15-K15) -> 100
H16: zdj barti | I16: 35 | J16: 35
B17: RAZEM | C17: =SUM(C3:C15) -> 1611 | D17: =SUM(D3:D15) -> 95.7 | E17: =SUM(E3:E15) -> 1515.3 | H17: RAZEM | I17: =SUM(I3:I16) -> 5611 | J17: =SUM(J3:J16) -> 5611 | K17: =SUM(K3:K16) -> 0
A19: Jedzenie Damian | G19: Jedzenie Malwina | K19: RAZEM
C20: Budżet | D20: Pozostało | E20: Wydano | H20: Budżet | I20: Pozostało | J20: Wydano | K20: POZOSTAŁO
B21: Tydzień 1 | C21: =IMDIV(C$25,4) -> 187,5 | D21: =(C21-E21) -> 0 | E21: =12+12+16.29+7.2+75.44+64.57 -> 187.5 | G21: Tydzień 1 | H21: =IMDIV(H$25,4) -> 187,5 | I21: =(H21-J21) -> 187.5 | J21: =(0) -> 0 | K21: =('Czerwiec - wydatki '!$D21+'Czerwiec - wydatki '!$I21) -> 187.5
B22: Tydzień 2 | C22: =IMDIV(C$25,4) -> 187,5 | D22: 0 | E22: =(22.26+5+25.5+23.03+30.29+55.22+2.79+1.9+4.58+8.94+7.99) -> 187.5 | G22: Tydzień 2 | H22: =IMDIV(H$25,4) -> 187,5 | I22: =(H22-J22) -> 187.5 | J22: =(0) -> 0 | K22: =('Czerwiec - wydatki '!$D22+'Czerwiec - wydatki '!$I22) -> 187.5
B23: Tydzień 3 | C23: =IMDIV(C$25,4) -> 187,5 | D23: =(C23-E23) -> 0 | E23: =(98+50+7.72+24+7.78) -> 187.5 | G23: Tydzień 3 | H23: =IMDIV(H$25,4) -> 187,5 | I23: =(H23-J23) -> 187.5 | J23: =(0) -> 0 | K23: =('Czerwiec - wydatki '!$D23+'Czerwiec - wydatki '!$I23) -> 187.5
B24: Tydzień 4 | C24: =IMDIV(C$25,4) -> 187,5 | D24: =(C24-E24) -> 0 | E24: =(65+16+45+61.5) -> 187.5 | G24: Tydzień 4 | H24: =IMDIV(H$25,4) -> 187,5 | I24: =(H24-J24) -> 187.5 | J24: =(0) -> 0 | K24: =('Czerwiec - wydatki '!$D24+'Czerwiec - wydatki '!$I24) -> 187.5
B25: SUMA | C25: 750 | D25: =SUM(D21:D24) -> 0 | E25: =SUM(E21:E24) -> 750 | G25: SUMA | H25: 750 | I25: =SUM(I21:I24) -> 750 | J25: =SUM(J21:J24) -> 0 | K25: =('Czerwiec - wydatki '!$D25+'Czerwiec - wydatki '!$I25) -> 750
A27: Dodatki Damian | G27: Dodatki Malwina
A28: Bank | B28: Rodzaj | C28: Budżet | D28: Pozostało | E28: Wydano | G28: Bank | H28: Rodzaj | I28: Budżet | J28: Pozostało | K28: Wydano
B29: Oszczędności | C29: 700 | D29: =C29-E29 -> 0 | E29: 700 | H29: Zabawowe | I29: 500 | J29: ='Czerwiec - wydatki '!$I29-K29 -> 500 | K29: =(0) -> 0
B30: Kieszonkowe | C30: 500 | D30: ='Czerwiec - wydatki '!$C30-E30 -> 0 | E30: 500 | H30: Kieszonkowe | I30: 500 | J30: ='Czerwiec - wydatki '!$I30-K30 -> 500 | K30: =(0) -> 0
B31: Prąd | C31: 200 | D31: ='Czerwiec - wydatki '!$C31-E31 -> 200 | H31: Lotto | I31: 16 | J31: ='Czerwiec - wydatki '!$I31-K31 -> 16 | K31: =(0) -> 0
A32: pokrowiec jajo | B32: reszta | C32: 292 | D32: ='Czerwiec - wydatki '!$C32-E32 -> 59 | E32: =(233) -> 233
B33: SUMA | C33: =SUM(C29:C32) -> 1692 | D33: =SUM(D29:D32) -> 259 | E33: =SUM(E29:E32) -> 1433 | H33: SUMA | I33: =SUM(I29:I32) -> 1016 | J33: =SUM(J29:J32) -> 1016 | K33: =SUM(K29:K32) -> 0
A35: Suma całkowita Damian | G35: Suma całkowita Malwina
C36: Budżet | D36: Pozostało | E36: Wydano | I36: Budżet | J36: Pozostało | K36: Wydano
C37: =C17+C25+C33 -> 4053 | D37: =D17+D25+D33 -> 354.7 | E37: =E17+E25+E33 -> 3698.3 | F37: =F17+F25+F33 -> 0 | I37: =I17+H25+I33 -> 7377 | J37: =J17+I25+J33 -> 7377 | K37: =K17+J25+K33 -> 0
A42: zabawowe | B42: 1919
A43: gratis dom | B43: 47
A44: zlobek | B44: 400
A45: badania | B45: 300
A46: swieta | B46: 700

Sheet Maj - wydatki
A1: Koszty stałe Damian | G1: Koszty stałe Malwina
A2: Bank | B2: Rodzaj | C2: Budżet | D2: Pozostało | E2: Wydano | G2: Bank | H2: Rodzaj | I2: Budżet | J2: Pozostało | K2: Wydano | N2: Wypłata | O2: Koszty stałe | P2: Jedzenie | Q2: Dodatki
B3: Internet | C3: 75 | D3: =('Maj - wydatki'!$C3-'Maj - wydatki'!$E3) -> 0 | E3: =(75) -> 75 | H3: Rata | I3: 3110 | J3: =('Maj - wydatki'!$I3-K3) -> 3110 | K3: =(0) -> 0 | M3: Damian | N3: 3957 | O3: =C17 -> 1366 | P3: =C25 -> 750
B4: Telefon | C4: 30 | D4: =('Maj - wydatki'!$C4-'Maj - wydatki'!$E4) -> 0 | E4: =(30) -> 30 | H4: Woda | I4: 130 | J4: =('Maj - wydatki'!$I4-K4) -> 130 | K4: =(0) -> 0 | M4: Malwina | N4: 5390 | O4: =I17 -> 5965 | P4: =H25 -> 750
B5: Gaz | C5: 200 | D5: =('Maj - wydatki'!$C5-'Maj - wydatki'!$E5) -> 0 | E5: =(200) -> 200 | H5: Przedszkole | I5: 996 | J5: =('Maj - wydatki'!$I5-K5) -> 0 | K5: 996 | M5: Suma | N5: =SUM(N3,N4) -> 9347 | O5: =SUM(O3,O4) -> 7331 | P5: =SUM(P3,P4) -> 1500 | Q5: =(N5-O5-P5) -> 516
B6: Paliwo | C6: 705 | D6: =('Maj - wydatki'!$C6-'Maj - wydatki'!$E6) -> 279 | E6: =90+260+76 -> 426 | H6: Kot | I6: 373 | J6: =('Maj - wydatki'!$I6-K6) -> 19 | K6: =354 -> 354 | M6: SPRAWDZENIE | N6: =C37+I37=N5 -> FALSE
B7: Revolut | C7: 56 | D7: =('Maj - wydatki'!$C7-'Maj - wydatki'!$E7) -> 0 | E7: =56 -> 56 | H7: Śmieci | I7: 128 | J7: =('Maj - wydatki'!$I7-K7) -> 128 | K7: =(0) -> 0
B8: Różne | C8: 100 | D8: =('Maj - wydatki'!$C8-'Maj - wydatki'!$E8) -> 1.4210855e-14 | E8: =46.26+28+25.74 -> 100 | H8: Izba | I8: 44 | J8: =('Maj - wydatki'!$I8-K8) -> 44 | K8: =(0) -> 0
B9: Auto | C9: 200 | D9: =('Maj - wydatki'!$C9-'Maj - wydatki'!$E9) -> 0 | E9: =(200) -> 200 | H9: Rodzice | I9: 39 | J9: =('Maj - wydatki'!$I9-K9) -> 39 | K9: =(0) -> 0
H10: Lekarz | I10: 300 | J10: =('Maj - wydatki'!$I10-K10) -> 300 | K10: =(0) -> 0
H11: Dzieci | I11: 200 | J11: =('Maj - wydatki'!$I11-K11) -> 200 | K11: =(0) -> 0
H12: Apteka | I12: 100 | J12: =('Maj - wydatki'!$I12-K12) -> 100 | K12: =(0) -> 0
H13: Chemia | I13: 50 | J13: =('Maj - wydatki'!$I13-K13) -> 50 | K13: =(0) -> 0 | M13: 26+58
H14: Mieszkanie | I14: 100 | J14: =('Maj - wydatki'!$I14-K14) -> 100 | K14: =(0) -> 0
H15: Święta | I15: 100 | J15: =('Maj - wydatki'!$I15-K15) -> 100 | K15: =(0) -> 0
H16: paliwo | I16: 295 | J16: =I16-K16 -> 0 | K16: 295
B17: RAZEM | C17: =SUM(C3:C15) -> 1366 | D17: =SUM(D3:D15) -> 279 | E17: =SUM(E3:E15) -> 1087 | H17: RAZEM | I17: =SUM(I3:I16) -> 5965 | J17: =SUM(J3:J15) -> 4320 | K17: =SUM(K3:K16) -> 1645
A19: Jedzenie Damian | G19: Jedzenie Malwina | K19: RAZEM
C20: Budżet | D20: Pozostało | E20: Wydano | H20: Budżet | I20: Pozostało | J20: Wydano | K20: POZOSTAŁO
B21: Tydzień 1 | C21: =IMDIV(C$25,4) -> 187,5 | D21: =(C21-E21) -> 0 | E21: =(24.24+15.55+5.45+5+20+50+38.2+35.57-6.51) -> 187.5 | G21: Tydzień 1 | H21: =IMDIV(H$25,4) -> 187,5 | I21: =(H21-J21) -> 187.5 | J21: =(0) -> 0 | K21: =('Maj - wydatki'!$D21+'Maj - wydatki'!$I21) -> 187.5
B22: Tydzień 2 | C22: =IMDIV(C$25,4) -> 187,5 | D22: =(C22-E22) -> 10.5 | E22: =(4.5+6.51+63.13+3.99+8.2+50.28+19.77+5.35+14+1.27) -> 177 | G22: Tydzień 2 | H22: =IMDIV(H$25,4) -> 187,5 | I22: =(H22-J22) -> 187.5 | J22: =(0) -> 0 | K22: =('Maj - wydatki'!$D22+'Maj - wydatki'!$I22) -> 198
B23: Tydzień 3 | C23: =IMDIV(C$25,4) -> 187,5 | D23: =(C23-E23) -> -1.26 | E23: =(12.9+28.22+20+49.94+22+20+35.7) -> 188.76 | G23: Tydzień 3 | H23: =IMDIV(H$25,4) -> 187,5 | I23: =(H23-J23) -> 187.5 | J23: =(0) -> 0 | K23: =('Maj - wydatki'!$D23+'Maj - wydatki'!$I23) -> 186.24
B24: Tydzień 4 | C24: =IMDIV(C$25,4) -> 187,5 | D24: =(C24-E24) -> -86.5 | E24: =(133+141) -> 274 | G24: Tydzień 4 | H24: =IMDIV(H$25,4) -> 187,5 | I24: =(H24-J24) -> 187.5 | J24: =(0) -> 0 | K24: =('Maj - wydatki'!$D24+'Maj - wydatki'!$I24) -> 101
B25: SUMA | C25: 750 | D25: =SUM(D21:D24) -> -77.26 | E25: =SUM(E21:E24) -> 827.26 | G25: SUMA | H25: 750 | I25: =SUM(I21:I24) -> 750 | J25: =SUM(J21:J24) -> 0 | K25: =('Maj - wydatki'!$D25+'Maj - wydatki'!$I25) -> 672.74
A27: Dodatki Damian | G27: Dodatki Malwina
A28: Bank | B28: Rodzaj | C28: Budżet | D28: Pozostało | E28: Wydano | G28: Bank | H28: Rodzaj | I28: Budżet | J28: Pozostało | K28: Wydano
B29: Oszczędności | C29: 382 | D29: =C29-E29 -> 0 | E29: 382 | H29: Zabawowe | I29: 0 | J29: ='Maj - wydatki'!$I29-K29 -> 0 | K29: =(0) -> 0
B30: Kieszonkowe | C30: 200 | D30: ='Maj - wydatki'!$C30-E30 -> 0 | E30: 200 | H30: Kieszonkowe | I30: 0 | J30: ='Maj - wydatki'!$I30-K30 -> 0 | K30: =(0) -> 0
H31: Podatek | I31: 84 | J31: ='Maj - wydatki'!$I31-K31 -> 84 | K31: =(0) -> 0
H32: Dzień Mamy | I32: 100 | J32: ='Maj - wydatki'!$I32-K32 -> 100 | K32: =(0) -> 0
B33: SUMA | C33: =SUM(C29:C32) -> 582 | D33: =SUM(D29:D32) -> 0 | E33: =SUM(E29:E32) -> 582 | H33: SUMA | I33: =SUM(I29:I32) -> 184 | J33: =SUM(J29:J32) -> 184 | K33: =SUM(K29:K32) -> 0
A35: Suma całkowita Damian | G35: Suma całkowita Malwina
C36: Budżet | D36: Pozostało | E36: Wydano | I36: Budżet | J36: Pozostało | K36: Wydano
C37: =C17+C25+C33 -> 2698 | D37: =D17+D25+D33 -> 201.74 | E37: =E17+E25+E33 -> 2496.26 | F37: =F17+F25+F33 -> 0 | I37: =I17+H25+I33 -> 6899 | J37: =J17+I25+J33 -> 5254 | K37: =K17+J25+K33 -> 1645

Sheet Kwiecień - wydatki
A1: Bank | B1: Osoba | C1: Rodzaj | D1: budżet | E1: pozostało | F1: wydano | G1: 1 tydz | H1: 2 tydz | I1: 3 tydz | J1: 4 tydz
D2: Koszty | E2: miesięczne
B3: Malwinka | C3: Jedzenie | D3: 650 | E3: =(D3+F3) -> 650
A4: Mbank | B4: Damian | C4: Jedzenie | D4: =650 -> 650 | E4: =(D4+F4) -> 0.54 | F4: =(-37.53-29.69-32.71-139-1.39-20.45-19.98-16.04-99.24-89.91-15.21-14.94-123.87-9.5) -> -649.46 | L4: Finanse | M4: Początkowe | N4: Pozostało
A5: Pekao | B5: Malwinka | C5: Rata | D5: 3110 | E5: =D5+F5 -> 0 | F5: -3110 | L5: Malwinka | M5: =(D3+D5+D8+D10+D13+D14+D37+D15+D17+D20+D21+D22+D24+D25+D26+D29+D34+D18+D33) -> 7992 | N5: =(E3+E5+E8+E10+E13+E14+E15+E17+E18+E20+E21+E22+D34) -> 2482
A6: Mbank | B6: Damian | C6: Internety | D6: 75 | E6: =D6+F6 -> 0 | F6: -75 | L6: Damian | M6: =(D4+D6+D7+D9+D11+D12+D16+D19+D28+D30+D35+D36) -> 3466 | N6: =(E4+E6+E7+E11+E12+E16+E19+E28+E30) -> 45.54
A7: Mbank | B7: Damian | C7: Telefon | D7: 30 | E7: =D7+F7 -> 0 | F7: -30 | L7: Razem | M7: =M6+M5 -> 11458
B8: Malwinka | C8: Woda | D8: 130 | E8: =D8+F8 -> 130
A9: Mbank | B9: Damian | C9: Gaz | D9: 200 | E9: =D9+F9 -> 0 | F9: -200
B10: Malwinka | C10: Przedszkole | D10: 1055 | E10: =D10+F10 -> 0 | F10: -1055
A11: Mbank | B11: Damian | C11: Paliwo | D11: 850 | E11: =D11+F11 -> 45 | F11: =(-365-211-100-129) -> -805
A12: Mbank | B12: Damian | C12: Różne | D12: 100 | E12: =D12+F12 -> 0 | F12: =(-10-68-22) -> -100
B13: Malwinka | C13: Dzieci | D13: 200 | E13: =D13+F13 -> 200
B14: Malwinka | C14: Apteka | D14: 100 | E14: =D14+F14 -> 100
B15: Malwinka | C15: Chemia | D15: 130 | E15: =D15+F15 -> 130 | L15: Banki: | M15: formuły ile | N15: powinno | O15: być na | P15: koncie
A16: Revolut | B16: Damian | C16: Kieszonkowe | D16: 500 | E16: =D16+F16 -> 0 | F16: =-500 -> -500 | L16: Revolut
B17: Malwinka | C17: Kieszonkowe | D17: 500 | E17: =D17+F17 -> 500 | L17: Mbank
B18: Malwinka | C18: Kot | D18: 300 | E18: =D18+F18 -> 300 | L18: Pekao
A19: Revolut | B19: Damian | C19: Revolut | D19: 56 | E19: =D19+F19 -> 0 | F19: =-56 -> -56 | L19: Pekao 2
B20: Malwinka | C20: Śmieci | D20: 128 | E20: =D20+F20 -> 128 | L20: Gotówka
B21: Malwinka | C21: Izba | D21: 44 | E21: =D21+F21 -> 44
B22: Malwinka | C22: Dług | D22: 200 | E22: =D22+F22 -> 200
A23: Składki | D23: budżet | E23: pozostało | F23: wydano | G23: pełen stan
B24: Malwinka | C24: Święta | D24: 100 | E24: =D24+F24 -> 100
B25: Malwinka | C25: Mieszkanie | D25: 100 | E25: =D25+F25 -> 100
B26: Malwinka | C26: Lekarz | D26: 300 | E26: =D26+F26 -> 300
B27: Malwinka | C27: Badania | D27: - | E27: -
A28: Pekao 2 | B28: Damian | C28: Oszczędności | D28: 700 | E28: =D28+F28 -> 0 | F28: -700
B29: Malwinka | C29: Zabawowe | D29: 700 | E29: =D29+F29 -> 700
A30: Pekao | B30: Damian | C30: Auto | D30: 200 | E30: =D30+F30 -> 0 | F30: -200
A31: EXTRA | D31: budżet | E31: wydano
A32: Kolumna1 | B32: Damian | C32: Cookidoo | D32: 200 | E32: 201
B33: Malwinka | C33: podatek | D33: 45
B34: Malwinka | C34: prezent lusi | D34: 100
A35: rev | B35: Damian | C35: tv | D35: 40 | E35: =-40 -> -40
B36: Damian | C36: kamis + myjnia | D36: 65 | E36: -65
B37: Malwinka | C37: auto przegl | D37: 100

Sheet Jedzenie
A1: Kolumna1 | B1: Kolumna2 | C1: Kolumna3 | D1: Kolumna4 | E1: Kolumna5 | F1: Kolumna6 | G1: Kolumna7 | H1: Kolumna8
D2: OBECNY | E2: TYDZIEŃ
B3: śniadanie | C3: link | D3: obiad | E3: link | F3: kolacja/praca | G3: link | H3: info dodatkowe
A4: Poniedziałek
A5: Wtorek
A6: Środa
A7: Czwartek
A8: Piątek
A9: Sobota
A10: Niedziela
A16: Kolumna1 | B16: Kolumna2 | C16: Kolumna3 | D16: Kolumna4 | E16: Kolumna5 | F16: Kolumna6 | G16: Kolumna7 | H16: Kolumna8
C17: INSPIRACJE | D17: ZACHCIANKI | E17: PRZYSZŁY | F17: TYDZIEŃ
B18: śniadanie | C18: link | D18: obiad | E18: link | F18: kolacja/praca | G18: link | H18: info dodatkowe
A19: Poniedziałek | B19: kanapki | D19: kurczak z dynia
A20: Wtorek | B20: malinowy budyń | C20: https://www.kwestiasmaku.com/przepis/malinowy-budyn-jaglany | D20: dorsz
A21: Środa | B21: ciabatta haloumi rukola | C21: TWÓJ PRZEPIS | D21: chinczyk z tofu
A22: Czwartek | B22: placuszki z banana | C22: https://www.kwestiasmaku.com/przepis/placki-jogurtowe-z-bananem | D22: szynka z rekawa + ziemn
A23: Piątek | B23: tosty! | D23: kurczak z pieczarkami
A24: Sobota
A25: Niedziela
D30: OBECNY | E30: TYDZIEŃ
B31: śniadanie | C31: link | D31: obiad | E31: link | F31: kolacja/praca | G31: link | H31: info dodatkowe
A32: Poniedziałek
A33: Wtorek | B33: Ciabatta | C33: https://pysznieczyprzepysznie.pl/ciabatta-z-wloska-mozzarella-di-bufala-campana-dop-szynka-prosciutto-di-parma-dop-i-pieczonymi-pomidorkami/ | D33: Makaron | E33: https://www.kwestiasmaku.com/przepis/makaron-z-kurczakiem-i-szpinakiem-w-sosie-curry | F33: -
A34: Środa | B34: Jaglanka | C34: https://www.kwestiasmaku.com/dania_dla_dwojga/sniadania/jaglanka_z_mlekiem_kokosowym_zurawina/przepis.html | D34: ???
A35: Czwartek | B35: Kanapkk Hummus | C35: https://centrumrespo.pl/przepisy/kanapka-hummusem-warzywami/ | D35: Spaghetti
A36: Piątek | B36: Insta tortilla | D36: Spaghetti
A37: Sobota | B37: Naleśniki | C37: https://www.fitczarodziejka.pl/przepis/orkiszowe-nalesniki-czekoladowe-z-ricotta-i-goracymi-malinami | D37: Sanok
A38: Niedziela
C41: INSPIRACJE | D41: ZACHCIANKI | E41: PRZYSZŁY | F41: TYDZIEŃ
B42: śniadanie | C42: link | D42: obiad | E42: link | F42: kolacja/praca | G42: link | H42: info dodatkowe
A43: Poniedziałek
A44: Wtorek
A45: Środa | B45: Jaglanka | C45: https://www.kwestiasmaku.com/dania_dla_dwojga/sniadania/jaglanka_z_mlekiem_kokosowym_zurawina/przepis.html | D45: Leczo
A46: Czwartek | B46: Tortille | C46: https://www.kwestiasmaku.com/przepis/wrapy-z-tortilli-z-hummusem-i-warzywami#google_vignette | D46: kurczak | E46: Cookido
A47: Piątek | B47: Kanapki | C47: https://www.kwestiasmaku.com/zielony_srodek/buraczki/kanapka_z_buraczkiem/przepis.html | D47: Dorsz | E47: https://www.kwestiasmaku.com/przepis/ryba-z-pieca-z-brokulami
A48: Sobota | B48: Placuszki | C48: https://alaantkoweblw.pl/blog/przepis/puszyste-placki-z-kaszy-manny-alaantkoweblw/ | D48: Rosół i Klopsiki | E48: Cookido
A49: Niedziela | B49: Insta choinka

Sheet Marzec - wydatki
A1: Bank | B1: Osoba | C1: Rodzaj | D1: budżet | E1: pozostało | F1: wydano | G1: 1 tydz | H1: 2 tydz | I1: 3 tydz | J1: 4 tydz
D2: Koszty | E2: miesięczne
B3: Malwinka | C3: Jedzenie | D3: 700 | E3: =(D3+F3) -> 106 | F3: -594 | G3: -295 | H3: -299
A4: Mbank | B4: Damian | C4: Jedzenie | D4: 715 | E4: =(D4+F4) -> 0.57 | F4: =(G4+H4+I4+J4) -> -714.43 | G4: =(-9.5-54-46) -> -109.5 | H4: =(-12-15.43) -> -27.43 | I4: =(-20.5-13-33) -> -66.5 | J4: =(-511) -> -511 | L4: Finanse | M4: Początkowe | N4: Pozostało
A5: Pekao | B5: Malwinka | C5: Rata | D5: 3110 | E5: =D5+F5 -> 3110 | L5: Malwinka | M5: =(D3+D5+D8+D10+D14+D15+D38+D16+D18+D21+D22+D23+D25+D26+D27+D30+D35+D19+D34) -> 7657 | N5: =(E3+E5+E8+E10+E14+E15+E16+E18+E19+E21+E22+E23+D35) -> 5963
A6: Mbank | B6: Damian | C6: Internety | D6: 75 | E6: =D6+F6 -> 0 | F6: =(-75) -> -75 | L6: Damian | M6: =(D4+D6+D7+D11+D9+D34+D12+D13+D17+D20+D29+D31+D36+D37) -> 4136 | N6: =(E4+E6+E7+E11+E12+E13+E17+E20+E29+E31) -> 45.57
A7: Mbank | B7: Damian | C7: Telefon | D7: 30 | E7: =D7+F7 -> 0 | F7: -30 | L7: Razem | M7: =M6+M5 -> 11793
B8: Malwinka | C8: Woda | D8: 200 | E8: =D8+F8 -> 200
A9: Mbank | B9: Damian | C9: Gaz | D9: 300 | E9: =D9+F9 -> 0 | F9: =(-300) -> -300
B10: Malwinka | C10: Przedszkole | D10: 1025 | E10: =D10+F10 -> 1025
A11: Revolut | B11: Damian | C11: Komputer | D11: 700 | E11: =D11+F11 -> 0 | F11: =(-700) -> -700
A12: Mbank | B12: Damian | C12: Paliwo | D12: 760 | E12: =D12+F12 -> 0 | F12: =(-220-240-120-100-80) -> -760
A13: Mbank | B13: Damian | C13: Różne | D13: 100 | E13: =D13+F13 -> 45 | F13: =(-55) -> -55
B14: Malwinka | C14: Dzieci | D14: 200 | E14: =D14+F14 -> 200
B15: Malwinka | C15: Apteka | D15: 100 | E15: =D15+F15 -> 100
B16: Malwinka | C16: Chemia | D16: 50 | E16: =D16+F16 -> 50 | L16: Banki: | M16: formuły ile | N16: powinno | O16: być na | P16: koncie
A17: Revolut | B17: Damian | C17: Kieszonkowe | D17: 400 | E17: =D17+F17 -> 0 | F17: =(-400) -> -400 | L17: Revolut
B18: Malwinka | C18: Kieszonkowe | D18: 400 | E18: =D18+F18 -> 400 | L18: Mbank
B19: Malwinka | C19: Kot | D19: 300 | E19: =D19+F19 -> 300 | L19: Pekao
A20: Revolut | B20: Damian | C20: Revolut | D20: 56 | E20: =D20+F20 -> 0 | F20: -56 | L20: Pekao 2
B21: Malwinka | C21: Śmieci | D21: 128 | E21: =D21+F21 -> 128 | L21: Gotówka
B22: Malwinka | C22: Izba | D22: 44 | E22: =D22+F22 -> 44
B23: Malwinka | C23: Dług | D23: 200 | E23: =D23+F23 -> 200
A24: Składki | D24: budżet | E24: pozostało | F24: wydano | G24: pełen stan
B25: Malwinka | C25: Święta | D25: 100 | E25: =D25+F25 -> 100
B26: Malwinka | C26: Mieszkanie | D26: 100 | E26: =D26+F26 -> 100
B27: Malwinka | C27: Lekarz | D27: 300 | E27: =D27+F27 -> 200 | F27: =(-100) -> -100
B28: Malwinka | C28: Badania | D28: - | E28: -
A29: Pekao 2 | B29: Damian | C29: Oszczędności | D29: 700 | E29: =D29+F29 -> 0 | F29: =(-300-400) -> -700
B30: Malwinka | C30: Zabawowe | D30: 500 | E30: =D30+F30 -> 500
A31: Pekao | B31: Damian | C31: Auto | D31: 200 | E31: =D31+F31 -> 0 | F31: -200
A32: EXTRA | D32: budżet | E32: wydano
A33: Kolumna1 | B33: Damian | C33: Cookidoo | D33: 200 | E33: 201
A34: prezent | B34: Malwinka | C34: Prezenty | D34: 100
A35: prezent | B35: Malwinka | C35: prezenty. | D35: 100
B36: Damian
B37: Damian
B38: Malwinka

Sheet Luty - wydatki
A1: Bank | B1: Osoba | C1: Rodzaj | D1: budżet | E1: pozostało | F1: wydano | G1: 1 tydz | H1: 2 tydz | I1: 3 tydz | J1: 4 tydz
D2: Koszty | E2: miesięczne
B3: Malwinka | C3: Jedzenie | D3: 700 | E3: =(D3+F3) -> 0 | F3: =(G3+H3+I3+J3) -> -700 | G3: -296 | H3: -190 | I3: -214
A4: Mbank | B4: Damian | C4: Jedzenie | D4: 700 | E4: =(D4+F4) -> 0 | F4: =(G4+H4+I4+J4) -> -700 | G4: =(-28-10.46-26.17) -> -64.63 | H4: =(-38.64-7.49-2.5-4.5-74-10-36.44-33.82) -> -207.39 | I4: =(-12.68-115) -> -127.68 | J4: =(-8-57-120-25-73-17.3) -> -300.3 | L4: Finanse | M4: Początkowe | N4: Pozostało
A5: Pekao | B5: Malwinka | C5: Rata | D5: 3100 | E5: =D5+F5 -> 0 | F5: -3100 | L5: Malwinka | M5: =(D3+D5+D8+D10+D14+D15+D39+D16+D18+D21+D22+D23+D25+D26+D27+D31+D36+D19) -> 7797 | N5: =(E3+E5+E8+E10+E14+E15+E16+E18+E19+E21+E22+E23+D36) -> 324
A6: Mbank | B6: Damian | C6: Internety | D6: 75 | E6: =D6+F6 -> 0 | F6: =(-75) -> -75 | L6: Damian | M6: =(D4+D6+D7+D9+D11+D12+D13+D17+D20+D29+D30+D32+D35+D37+D38) -> 4011 | N6: =(E4+E6+E7+E9+E11+E12+E13+E17+E20) -> 368
A7: Mbank | B7: Damian | C7: Telefon | D7: 30 | E7: =D7+F7 -> 0 | F7: -30 | L7: Razem | M7: =M6+M5 -> 11808
B8: Malwinka | C8: Woda | D8: 130 | E8: =D8+F8 -> 130
A9: Mbank | B9: Damian | C9: Gaz | D9: 300 | E9: =D9+F9 -> 300
B10: Malwinka | C10: Przedszkole | D10: 1040 | E10: =D10+F10 -> 0 | F10: -1040
A11: Revolut | B11: Damian | C11: Komputer | D11: 700 | E11: =D11+F11 -> 0 | F11: -700
A12: Mbank | B12: Damian | C12: Paliwo | D12: 700 | E12: =D12+F12 -> 68 | F12: =(-200-330-102) -> -632
A13: Mbank | B13: Damian | C13: Różne | D13: 100 | E13: =D13+F13 -> 0 | F13: =(-50-18-32) -> -100
B14: Malwinka | C14: Dzieci | D14: 200 | E14: =D14+F14 -> 56 | F14: -144
B15: Malwinka | C15: Apteka | D15: 100 | E15: =D15+F15 -> 0 | F15: -100
B16: Malwinka | C16: Chemia | D16: 100 | E16: =D16+F16 -> 33 | F16: =(-49-18) -> -67 | L16: Banki: | M16: formuły ile | N16: powinno | O16: być na | P16: koncie
A17: Revolut | B17: Damian | C17: Kieszonkowe | D17: 500 | E17: =D17+F17 -> 0 | F17: -500 | L17: Revolut
B18: Malwinka | C18: Kieszonkowe | D18: 500 | E18: =D18+F18 -> 0 | F18: -500 | L18: Mbank
B19: Malwinka | C19: Kot | D19: 385 | E19: =D19+F19 -> 20 | F19: -365 | L19: Pekao
A20: Revolut | B20: Damian | C20: Revolut | D20: 50 | E20: =D20+F20 -> 0 | F20: -50 | L20: Pekao 2
B21: Malwinka | C21: Śmieci | D21: 128 | E21: =D21+F21 -> 0 | F21: -128 | L21: Gotówka
B22: Malwinka | C22: Izba | D22: 44 | E22: =D22+F22 -> 0 | F22: -44
B23: Malwinka | C23: Dług | D23: 200 | E23: =D23+F23 -> 0 | F23: -200
A24: Składki | D24: budżet | E24: kwota przed | F24: data wpłaty | G24: kwota po
B25: Malwinka | C25: Święta | D25: 100 | E25: 200 | F25: -100 | G25: 300
B26: Malwinka | C26: Mieszkanie | D26: 100 | E26: 300 | F26: -100
B27: Malwinka | C27: Lekarz | D27: 300 | E27: 270 | F27: -300
B28: Malwinka | C28: Badania | D28: - | E28: 300
A29: Pekao 2 | B29: Damian | C29: Prezenty | D29: 75 | E29: 300 | F29: -75
A30: Pekao 2 | B30: Damian | C30: Oszczędności | D30: 490 | E30: 7598 | F30: -490
B31: Malwinka | C31: Zabawowe | D31: 400 | E31: 1275 | F31: -400 | G31: 1675
A32: Pekao | B32: Damian | C32: Auto | D32: 200 | E32: 135 | F32: -200
A33: EXTRA | D33: budżet | E33: wydano
A34: Kolumna1 | B34: Damian | C34: Cookidoo | D34: 200 | E34: 201
B35: Damian | C35: Pralnia | D35: 31 | E35: -31
B36: Malwinka | C36: Podatek | D36: 85
B37: Damian | C37: Opony | D37: 0
B38: Damian | C38: Prąd | D38: 60 | E38: =(-60) -> -60
B39: Malwinka | C39: olejki | D39: 185 | E39: -185

Sheet Styczeń - wydatki
A1: Bank | B1: Osoba | C1: Rodzaj | D1: budżet | E1: pozostało | F1: wydano | G1: 1 tydz | H1: 2 tydz | I1: 3 tydz | J1: 4 tydz
D2: Koszty | E2: miesięczne
B3: Malwinka | C3: Jedzenie | D3: 700 | E3: =(D3+F3) -> 136 | F3: =(G3+H3+I3+J3) -> -564 | G3: =(-179) -> -179 | H3: -385
A4: Mbank | B4: Damian | C4: Jedzenie | D4: 700 | E4: =(D4+F4) -> 0 | F4: =(G4+H4+I4+J4) -> -700 | G4: =(-26-78-34) -> -138 | H4: =(-11-14-15.5-29-9-14-44-20) -> -156.5 | I4: =(-98-35-38-19-12.44-14.86-22.15-9.39-150) -> -398.84 | J4: =(-6.66) -> -6.66 | L4: Finanse | M4: Początkowe | N4: Pozostało
A5: Pekao | B5: Malwinka | C5: Rata | D5: 3100 | E5: =D5+F5 -> 0 | F5: -3100 | L5: Malwinka | M5: =(D3+D5+D8+D10+D14+D15+D16+D18+D21+D22+D23+D25+D26+D27+D31+D36+D19) -> 7205 | N5: =(E3+E5+E8+E10+E14+E15+E16+E18+E19+E21+E22+E23+D36) -> 686
A6: Mbank | B6: Damian | C6: Internety | D6: 75 | E6: =D6+F6 -> 0 | F6: -75 | L6: Damian | M6: =(D4+D6+D7+D39+D9+D11+D12+D13+D17+D20+D29+D30+D32+D34+D35+D37+D38) -> 4665 | N6: =(E4+E6+E7+E9+E11+E12+E13+E17+E20) -> 113
A7: Mbank | B7: Damian | C7: Telefon | D7: 30 | E7: =D7+F7 -> 0 | F7: -30 | L7: Razem | M7: =M6+M5 -> 11870
B8: Malwinka | C8: Woda | D8: 130 | E8: =D8+F8 -> 0 | F8: -130
A9: Mbank | B9: Damian | C9: Gaz | D9: 250 | E9: =D9+F9 -> 0 | F9: -250
B10: Malwinka | C10: Przedszkole | D10: 953 | E10: =D10+F10 -> 0 | F10: -953
A11: Revolut | B11: Damian | C11: Komputer | D11: 700 | E11: =D11+F11 -> 0 | F11: -700
A12: Mbank | B12: Damian | C12: Paliwo | D12: 700 | E12: =D12+F12 -> 98 | F12: =(-321-103-178) -> -602
A13: Mbank | B13: Damian | C13: Różne | D13: 100 | E13: =D13+F13 -> 15 | F13: =(-50-35) -> -85
B14: Malwinka | C14: Dzieci | D14: 200 | E14: =D14+F14 -> 200
B15: Malwinka | C15: Apteka | D15: 100 | E15: =D15+F15 -> 100
B16: Malwinka | C16: Chemia | D16: 50 | E16: =D16+F16 -> 50 | L16: Banki: | M16: formuły ile | N16: powinno | O16: być na | P16: koncie
A17: Revolut | B17: Damian | C17: Kieszonkowe | D17: 400 | E17: =D17+F17 -> 0 | F17: -400 | L17: Revolut
B18: Malwinka | C18: Kieszonkowe | D18: 400 | E18: =D18+F18 -> 0 | F18: -400 | L18: Mbank
B19: Malwinka | C19: Kot | D19: 230 | E19: =D19+F19 -> 0 | F19: -230 | L19: Pekao
A20: Revolut | B20: Damian | C20: Revolut | D20: 50 | E20: =D20+F20 -> 0 | F20: -50 | L20: Pekao 2
B21: Malwinka | C21: Śmieci | D21: 128 | E21: =D21+F21 -> 0 | F21: -128 | L21: Gotówka
B22: Malwinka | C22: Izba | D22: 44 | E22: =D22+F22 -> 0 | F22: -44
B23: Malwinka | C23: Dług | D23: 100 | E23: =D23+F23 -> 0 | F23: -100
A24: Składki | D24: budżet | E24: kwota przed | F24: data wpłaty | G24: kwota po
B25: Malwinka | C25: Święta | D25: 100 | E25: 100
B26: Malwinka | C26: Mieszkanie | D26: 100 | E26: 300
B27: Malwinka | C27: Lekarz | D27: 300 | E27: 270
B28: Malwinka | C28: Badania | D28: - | E28: 300
A29: Pekao 2 | B29: Damian | C29: Prezenty | D29: 100 | E29: 200 | F29: 45597 | G29: 300
A30: Pekao 2 | B30: Damian | C30: Oszczędności | D30: 700 | E30: 7598 | F30: 45597 | G30: 8398
B31: Malwinka | C31: Zabawowe | D31: 370
A32: Pekao | B32: Damian | C32: Auto | D32: 200 | E32: 135 | F32: 45597 | G32: 335
A33: EXTRA | D33: budżet | E33: wydano
A34: Kolumna1 | B34: Damian | C34: Cookidoo | D34: 200 | E34: 201
A35: Revolut | B35: Damian | C35: TV | D35: 60 | E35: 60
B36: Malwinka | C36: Dzień Babci | D36: 200
A37: Revolut | B37: Damian | C37: Youtube | D37: 100 | E37: 100
A38: Revolut | B38: Damian | C38: Piloty brama | D38: 100
A39: mBank | B39: Damian | C39: Cookido | D39: 200 | E39: 200

Sheet Grudzień - wydatki
A1: Bank | B1: Osoba | C1: Rodzaj | D1: budżet | E1: pozostało | F1: wydano | G1: 1 tydz | H1: 2 tydz | I1: 3 tydz | J1: 4 tydz
D2: Koszty | E2: miesięczne
B3: Malwinka | C3: Jedzenie | D3: 600 | E3: =D3+F3 -> 170.71 | F3: =(G3+H3+I3+J3) -> -429.29 | G3: =(-7)-20-2.68-122.84-99.65+12 -> -240.17 | H3: -129 | I3: -60.12 | J3: 0
A4: Mbank | B4: Damian | C4: Jedzenie | D4: 600 | E4: =D4+F4 -> 31.83 | F4: =(G4+H4+I4+J4) -> -568.17 | G4: =(-18-9.2-26.85-12.51-25.51) -> -92.07 | H4: =(-20.46-28.63-66.88-75.25-8.38) -> -199.6 | I4: =(-23.4-38.86) -> -62.26 | J4: =(-114-92-8.24) -> -214.24 | L4: Finanse | M4: Początkowe | N4: Pozostało
A5: Pekao | B5: Damian | C5: Rata | D5: 3310 | E5: =D5+F5 -> 0 | F5: =(-2769-541) -> -3310 | L5: Malwinka | M5: =(D3+D8+D10+D28+D29+D15+D16+D17+D27+D30+D20+D22+D23+D24+D26+D11+D19+D33) -> 4255 | N5: =(M5+F3+F8+F10+F15+F16+F17+F20+F22+F23+F24+F19+F11) -> 1751.71
A6: Mbank | B6: Damian | C6: Internety | D6: 75 | E6: =D6+F6 -> 0 | F6: -75 | L6: Damian | M6: =(D4+D5+D6+D7+D9+D13+D14+D31+D34+D21+D12+D18+D32) -> 7255 | N6: =(E4+E5+E6+E7+E9+E12+E13+E14+E18+E21) -> 74.83
A7: Mbank | B7: Damian | C7: Telefon | D7: 30 | E7: =D7+F7 -> 0 | F7: -30 | L7: Razem | M7: =M6+M5 -> 11510 | N7: =N6+N5 -> 1826.54
B8: Malwinka | C8: Woda | D8: 130 | E8: =D8+F8 -> 130
A9: Mbank | B9: Damian | C9: Gaz | D9: 290 | E9: =D9+F9 -> 0 | F9: =(-290) -> -290
B10: Malwinka | C10: Przedszkole | D10: 932 | E10: =D10+F10 -> 0 | F10: -932
B11: Malwinka | C11: Przedszkole | D11: 25 | E11: =D11+F11 -> 0 | F11: -25 | L11: Banki: | M11: formuły ile | N11: powinno | O11: być na | P11: koncie
A12: Revolut | B12: Damian | C12: Komputer | D12: 600 | E12: =D12+F12 -> 0 | F12: -600 | L12: Revolut
A13: Mbank | B13: Damian | C13: Paliwo | D13: 900 | E13: =D13+F13 -> 33 | F13: =(-267-190-300-110) -> -867 | L13: Mbank
A14: Revolut | B14: Damian | C14: Różne | D14: 100 | E14: =D14+F14 -> 10 | F14: -90 | L14: Pekao
B15: Malwinka | C15: Dzieci | D15: 200 | E15: =D15+F15 -> 97 | F15: -103 | L15: Pekao 2
B16: Malwinka | C16: Apteka | D16: 100 | E16: =D16+F16 -> 54 | F16: -46
B17: Malwinka | C17: Chemia | D17: 100 | E17: =D17+F17 -> 100
A18: Revolut | B18: Damian | C18: Kieszonkowe | D18: 400 | E18: =D18+F18 -> 0 | F18: =(-50-350) -> -400
B19: Malwinka | C19: Kieszonkowe | D19: 400 | E19: =D19+F19 -> 0 | F19: -400
B20: Malwinka | C20: Kot | D20: 296 | E20: =D20+F20 -> 0 | F20: -296
A21: Revolut | B21: Damian | C21: Revolut | D21: 50 | E21: =D21+F21 -> 0 | F21: -50
B22: Malwinka | C22: Śmieci | D22: 128 | E22: =D22+F22 -> 0 | F22: -128
B23: Malwinka | C23: Izba | D23: 44 | E23: =D23+F23 -> 0 | F23: -44
B24: Malwinka | C24: Dług | D24: 100 | E24: =D24+F24 -> 0 | F24: -100
A25: Składki | D25: budżet | E25: kwota przed | F25: data wpłaty | G25: kwota po
B26: Malwinka | C26: Święta | D26: 100 | G26: 100
B27: Malwinka | C27: Mieszkanie | D27: 100 | G27: 300
B28: Malwinka | C28: Lekarz | D28: 300 | G28: 270
B29: Malwinka | C29: Wesele | D29: 300 | G29: 2100
B30: Malwinka | C30: Badania | D30: 100 | G30: 300
A31: Pekao 2 | B31: Damian | C31: Prezenty | D31: 100 | E31: - | F31: - | G31: -
A32: Pekao 2 | B32: Damian | C32: Oszczędności | D32: 600 | E32: - | F32: 13.12 | G32: 8000
B33: Malwinka | C33: Zabawowe | D33: 300 | G33: 1237
A34: Pekao | B34: Damian | C34: Auto | D34: 200 | E34: - | F34: 13.12 | G34: 280
